{"includedArchiveIdentifiers":["com.abloy.AbloyMobileSDK"],"interfaceLanguages":{"swift":[{"children":[{"title":"Getting Started","type":"groupMarker"},{"path":"\/documentation\/abloycubemobilesdk\/gettingstarted","title":"Getting Started with Abloy Mobile SDK","type":"article"},{"path":"\/documentation\/abloycubemobilesdk\/abloymobilesdk\/shared","title":"static let shared: AbloyMobileSDK","type":"property"},{"path":"\/documentation\/abloycubemobilesdk\/sdkinitializing\/initialize()","title":"func initialize() async throws","type":"method"},{"title":"Activating the Operating Device","type":"groupMarker"},{"path":"\/documentation\/abloycubemobilesdk\/activating","title":"Activating the Operating Device","type":"article"},{"path":"\/documentation\/abloycubemobilesdk\/operatingdeviceactivating\/activateoperatingdevice(with:)","title":"func activateOperatingDevice(with: OperatingDeviceInvitation) async throws","type":"method"},{"path":"\/documentation\/abloycubemobilesdk\/operatingdeviceactivationstatusgetting\/getoperatingdeviceactivationstatus()","title":"func getOperatingDeviceActivationStatus() async throws -> OperatingDeviceActivationStatus","type":"method"},{"children":[{"title":"Initializers","type":"groupMarker"},{"path":"\/documentation\/abloycubemobilesdk\/invitation\/init(invitationcode:environmenturl:)","title":"init(invitationCode: InvitationCode, environmentURL: URL)","type":"init"},{"title":"Instance Properties","type":"groupMarker"},{"path":"\/documentation\/abloycubemobilesdk\/invitation\/environmenturl","title":"let environmentURL: URL","type":"property"},{"path":"\/documentation\/abloycubemobilesdk\/invitation\/invitationcode","title":"let invitationCode: InvitationCode","type":"property"},{"title":"Default Implementations","type":"groupMarker"},{"children":[{"title":"Operators","type":"groupMarker"},{"path":"\/documentation\/abloycubemobilesdk\/invitation\/!=(_:_:)","title":"static func != (Self, Self) -> Bool","type":"op"}],"path":"\/documentation\/abloycubemobilesdk\/invitation\/equatable-implementations","title":"Equatable Implementations","type":"symbol"}],"path":"\/documentation\/abloycubemobilesdk\/invitation","title":"Invitation","type":"struct"},{"children":[{"title":"Initializers","type":"groupMarker"},{"path":"\/documentation\/abloycubemobilesdk\/invitationcode\/init(code:)","title":"init(code: String) throws","type":"init"},{"title":"Instance Properties","type":"groupMarker"},{"path":"\/documentation\/abloycubemobilesdk\/invitationcode\/code","title":"let code: String","type":"property"},{"title":"Enumerations","type":"groupMarker"},{"children":[{"title":"Enumeration Cases","type":"groupMarker"},{"path":"\/documentation\/abloycubemobilesdk\/invitationcode\/error\/emptyinvitationcode","title":"case emptyInvitationCode","type":"case"},{"path":"\/documentation\/abloycubemobilesdk\/invitationcode\/error\/invalidinvitationcode","title":"case invalidInvitationCode","type":"case"},{"title":"Default Implementations","type":"groupMarker"},{"children":[{"title":"Operators","type":"groupMarker"},{"path":"\/documentation\/abloycubemobilesdk\/invitationcode\/error\/!=(_:_:)","title":"static func != (Self, Self) -> Bool","type":"op"}],"path":"\/documentation\/abloycubemobilesdk\/invitationcode\/error\/equatable-implementations","title":"Equatable Implementations","type":"symbol"},{"children":[{"title":"Instance Properties","type":"groupMarker"},{"path":"\/documentation\/abloycubemobilesdk\/invitationcode\/error\/localizeddescription","title":"var localizedDescription: String","type":"property"}],"path":"\/documentation\/abloycubemobilesdk\/invitationcode\/error\/error-implementations","title":"Error Implementations","type":"symbol"}],"path":"\/documentation\/abloycubemobilesdk\/invitationcode\/error","title":"InvitationCode.Error","type":"enum"},{"title":"Default Implementations","type":"groupMarker"},{"children":[{"title":"Operators","type":"groupMarker"},{"path":"\/documentation\/abloycubemobilesdk\/invitationcode\/!=(_:_:)","title":"static func != (Self, Self) -> Bool","type":"op"}],"path":"\/documentation\/abloycubemobilesdk\/invitationcode\/equatable-implementations","title":"Equatable Implementations","type":"symbol"}],"path":"\/documentation\/abloycubemobilesdk\/invitationcode","title":"InvitationCode","type":"struct"},{"children":[{"title":"Enumeration Cases","type":"groupMarker"},{"path":"\/documentation\/abloycubemobilesdk\/operatingdeviceactivationstatus\/activating","title":"case activating","type":"case"},{"path":"\/documentation\/abloycubemobilesdk\/operatingdeviceactivationstatus\/active","title":"case active","type":"case"},{"path":"\/documentation\/abloycubemobilesdk\/operatingdeviceactivationstatus\/inactive","title":"case inactive","type":"case"},{"title":"Default Implementations","type":"groupMarker"},{"children":[{"title":"Operators","type":"groupMarker"},{"path":"\/documentation\/abloycubemobilesdk\/operatingdeviceactivationstatus\/!=(_:_:)","title":"static func != (Self, Self) -> Bool","type":"op"}],"path":"\/documentation\/abloycubemobilesdk\/operatingdeviceactivationstatus\/equatable-implementations","title":"Equatable Implementations","type":"symbol"}],"path":"\/documentation\/abloycubemobilesdk\/operatingdeviceactivationstatus","title":"OperatingDeviceActivationStatus","type":"enum"},{"title":"Deactivating the Operating Device","type":"groupMarker"},{"path":"\/documentation\/abloycubemobilesdk\/deactivating","title":"Deactivating the Operating Device","type":"article"},{"path":"\/documentation\/abloycubemobilesdk\/operatingdevicedeactivating\/deactivateoperatingdevice()","title":"func deactivateOperatingDevice() async throws","type":"method"},{"path":"\/documentation\/abloycubemobilesdk\/operatingdeviceactivationstatusgetting\/getoperatingdeviceactivationstatus()","title":"func getOperatingDeviceActivationStatus() async throws -> OperatingDeviceActivationStatus","type":"method"},{"title":"Scanning for Locking Devices","type":"groupMarker"},{"path":"\/documentation\/abloycubemobilesdk\/scanning","title":"Scanning for Locking Devices","type":"article"},{"path":"\/documentation\/abloycubemobilesdk\/lockdiscoverystarting\/startlockdiscovery()","title":"func startLockDiscovery() -> AsyncStream<LockingDeviceDiscoveryEvent>","type":"method"},{"children":[{"title":"Enumeration Cases","type":"groupMarker"},{"path":"\/documentation\/abloycubemobilesdk\/lockingdevicediscoveryevent\/disappeared(_:)","title":"case disappeared(DiscoveredLock)","type":"case"},{"path":"\/documentation\/abloycubemobilesdk\/lockingdevicediscoveryevent\/discovered(_:)","title":"case discovered(DiscoveredLock)","type":"case"}],"path":"\/documentation\/abloycubemobilesdk\/lockingdevicediscoveryevent","title":"LockingDeviceDiscoveryEvent","type":"enum"},{"children":[{"title":"Initializers","type":"groupMarker"},{"path":"\/documentation\/abloycubemobilesdk\/discoveredlock\/init(hardwareid:publickeybytes:isclaimed:name:accesses:certificatestate:type:)","title":"init(hardwareID: UUID, publicKeyBytes: Data, isClaimed: Bool, name: String?, accesses: [Access], certificateState: CertificateState, type: LockingDeviceType)","type":"init"},{"title":"Instance Properties","type":"groupMarker"},{"path":"\/documentation\/abloycubemobilesdk\/discoveredlock\/accesses","title":"let accesses: [Access]","type":"property"},{"path":"\/documentation\/abloycubemobilesdk\/discoveredlock\/certificatestate","title":"let certificateState: CertificateState","type":"property"},{"path":"\/documentation\/abloycubemobilesdk\/discoveredlock\/hardwareid","title":"let hardwareID: UUID","type":"property"},{"path":"\/documentation\/abloycubemobilesdk\/discoveredlock\/isclaimed","title":"let isClaimed: Bool","type":"property"},{"path":"\/documentation\/abloycubemobilesdk\/discoveredlock\/name","title":"let name: String?","type":"property"},{"path":"\/documentation\/abloycubemobilesdk\/discoveredlock\/publickeybytes","title":"let publicKeyBytes: Data","type":"property"},{"path":"\/documentation\/abloycubemobilesdk\/discoveredlock\/type","title":"let type: LockingDeviceType","type":"property"},{"title":"Default Implementations","type":"groupMarker"},{"children":[{"title":"Operators","type":"groupMarker"},{"path":"\/documentation\/abloycubemobilesdk\/discoveredlock\/!=(_:_:)","title":"static func != (Self, Self) -> Bool","type":"op"}],"path":"\/documentation\/abloycubemobilesdk\/discoveredlock\/equatable-implementations","title":"Equatable Implementations","type":"symbol"},{"children":[{"title":"Instance Methods","type":"groupMarker"},{"path":"\/documentation\/abloycubemobilesdk\/discoveredlock\/hash(into:)","title":"func hash(into: inout Hasher)","type":"method"}],"path":"\/documentation\/abloycubemobilesdk\/discoveredlock\/hashable-implementations","title":"Hashable Implementations","type":"symbol"}],"path":"\/documentation\/abloycubemobilesdk\/discoveredlock","title":"DiscoveredLock","type":"struct"},{"path":"\/documentation\/abloycubemobilesdk\/lockdiscoverystopping\/stoplockdiscovery()","title":"func stopLockDiscovery()","type":"method"},{"title":"Connecting to the Locking Device","type":"groupMarker"},{"path":"\/documentation\/abloycubemobilesdk\/connecting","title":"Connecting to a Locking Device","type":"article"},{"path":"\/documentation\/abloycubemobilesdk\/lockconnecting\/connect(to:ondisconnect:)","title":"func connect(to: DiscoveredLock, onDisconnect: () -> Void) async throws -> ConnectedLock","type":"method"},{"path":"\/documentation\/abloycubemobilesdk\/lockdisconnecting\/disconnectfromlock()","title":"func disconnectFromLock() async throws","type":"method"},{"children":[{"title":"Initializers","type":"groupMarker"},{"path":"\/documentation\/abloycubemobilesdk\/connectedlock\/init(hardwareid:name:publickeybytes:time:batterylevel:firmwareversion:hardwareversion:initiallockstate:type:)","title":"init(hardwareID: UUID, name: String, publicKeyBytes: Data, time: Int64, batteryLevel: BatteryLevel, firmwareVersion: String, hardwareVersion: String, initialLockState: LockState, type: LockingDeviceType)","type":"init"},{"title":"Instance Properties","type":"groupMarker"},{"path":"\/documentation\/abloycubemobilesdk\/connectedlock\/batterylevel-swift.property","title":"let batteryLevel: BatteryLevel","type":"property"},{"path":"\/documentation\/abloycubemobilesdk\/connectedlock\/firmwareversion","title":"let firmwareVersion: String","type":"property"},{"path":"\/documentation\/abloycubemobilesdk\/connectedlock\/hardwareid","title":"let hardwareID: UUID","type":"property"},{"path":"\/documentation\/abloycubemobilesdk\/connectedlock\/hardwareversion","title":"let hardwareVersion: String","type":"property"},{"path":"\/documentation\/abloycubemobilesdk\/connectedlock\/initiallockstate","title":"let initialLockState: LockState","type":"property"},{"path":"\/documentation\/abloycubemobilesdk\/connectedlock\/name","title":"let name: String","type":"property"},{"path":"\/documentation\/abloycubemobilesdk\/connectedlock\/publickeybytes","title":"let publicKeyBytes: Data","type":"property"},{"path":"\/documentation\/abloycubemobilesdk\/connectedlock\/time","title":"let time: Int64","type":"property"},{"path":"\/documentation\/abloycubemobilesdk\/connectedlock\/type","title":"let type: LockingDeviceType","type":"property"},{"title":"Enumerations","type":"groupMarker"},{"children":[{"title":"Enumeration Cases","type":"groupMarker"},{"path":"\/documentation\/abloycubemobilesdk\/connectedlock\/batterylevel-swift.enum\/high","title":"case high","type":"case"},{"path":"\/documentation\/abloycubemobilesdk\/connectedlock\/batterylevel-swift.enum\/low","title":"case low","type":"case"},{"path":"\/documentation\/abloycubemobilesdk\/connectedlock\/batterylevel-swift.enum\/unknown","title":"case unknown","type":"case"},{"title":"Default Implementations","type":"groupMarker"},{"children":[{"title":"Operators","type":"groupMarker"},{"path":"\/documentation\/abloycubemobilesdk\/connectedlock\/batterylevel-swift.enum\/!=(_:_:)","title":"static func != (Self, Self) -> Bool","type":"op"}],"path":"\/documentation\/abloycubemobilesdk\/connectedlock\/batterylevel-swift.enum\/equatable-implementations","title":"Equatable Implementations","type":"symbol"}],"path":"\/documentation\/abloycubemobilesdk\/connectedlock\/batterylevel-swift.enum","title":"ConnectedLock.BatteryLevel","type":"enum"},{"title":"Default Implementations","type":"groupMarker"},{"children":[{"title":"Instance Properties","type":"groupMarker"},{"path":"\/documentation\/abloycubemobilesdk\/connectedlock\/description","title":"var description: String","type":"property"}],"path":"\/documentation\/abloycubemobilesdk\/connectedlock\/customstringconvertible-implementations","title":"CustomStringConvertible Implementations","type":"symbol"},{"children":[{"title":"Operators","type":"groupMarker"},{"path":"\/documentation\/abloycubemobilesdk\/connectedlock\/!=(_:_:)","title":"static func != (Self, Self) -> Bool","type":"op"}],"path":"\/documentation\/abloycubemobilesdk\/connectedlock\/equatable-implementations","title":"Equatable Implementations","type":"symbol"}],"path":"\/documentation\/abloycubemobilesdk\/connectedlock","title":"ConnectedLock","type":"struct"},{"title":"Listening to locking device events","type":"groupMarker"},{"path":"\/documentation\/abloycubemobilesdk\/listeningtolockingdeviceevents","title":"Listening to locking device events","type":"article"},{"path":"\/documentation\/abloycubemobilesdk\/lockeventstreaming\/getlockevents()","title":"func getLockEvents() -> AsyncStream<LockingDeviceEvent>","type":"method"},{"children":[{"title":"Initializers","type":"groupMarker"},{"path":"\/documentation\/abloycubemobilesdk\/lockingdeviceevent\/init(hardwareid:newstate:)","title":"init(hardwareID: UUID, newState: LockingDeviceStateChange)","type":"init"},{"title":"Instance Properties","type":"groupMarker"},{"path":"\/documentation\/abloycubemobilesdk\/lockingdeviceevent\/hardwareid","title":"let hardwareID: UUID","type":"property"},{"path":"\/documentation\/abloycubemobilesdk\/lockingdeviceevent\/newstate","title":"let newState: LockingDeviceStateChange","type":"property"},{"title":"Default Implementations","type":"groupMarker"},{"children":[{"title":"Operators","type":"groupMarker"},{"path":"\/documentation\/abloycubemobilesdk\/lockingdeviceevent\/!=(_:_:)","title":"static func != (Self, Self) -> Bool","type":"op"}],"path":"\/documentation\/abloycubemobilesdk\/lockingdeviceevent\/equatable-implementations","title":"Equatable Implementations","type":"symbol"}],"path":"\/documentation\/abloycubemobilesdk\/lockingdeviceevent","title":"LockingDeviceEvent","type":"struct"},{"title":"Claiming a Locking Device","type":"groupMarker"},{"path":"\/documentation\/abloycubemobilesdk\/claiming","title":"Claiming a Locking Device","type":"article"},{"path":"\/documentation\/abloycubemobilesdk\/claimablelockfetching\/fetchclaimablelocks(page:size:)","title":"func fetchClaimableLocks(page: Int, size: Int) async throws -> [ClaimableLock]","type":"method"},{"path":"\/documentation\/abloycubemobilesdk\/lockclaiming\/claim(connectedlock:with:)","title":"func claim(connectedLock: ConnectedLock, with: ClaimableLock) async throws","type":"method"},{"children":[{"title":"Initializers","type":"groupMarker"},{"path":"\/documentation\/abloycubemobilesdk\/claimablelock\/init(lockid:name:)","title":"init(lockId: UUID, name: String)","type":"init"},{"title":"Instance Properties","type":"groupMarker"},{"path":"\/documentation\/abloycubemobilesdk\/claimablelock\/lockid","title":"let lockId: UUID","type":"property"},{"path":"\/documentation\/abloycubemobilesdk\/claimablelock\/name","title":"let name: String","type":"property"},{"title":"Default Implementations","type":"groupMarker"},{"children":[{"title":"Operators","type":"groupMarker"},{"path":"\/documentation\/abloycubemobilesdk\/claimablelock\/!=(_:_:)","title":"static func != (Self, Self) -> Bool","type":"op"}],"path":"\/documentation\/abloycubemobilesdk\/claimablelock\/equatable-implementations","title":"Equatable Implementations","type":"symbol"}],"path":"\/documentation\/abloycubemobilesdk\/claimablelock","title":"ClaimableLock","type":"struct"},{"title":"Operating a Locking Device","type":"groupMarker"},{"path":"\/documentation\/abloycubemobilesdk\/operating","title":"Operating a Locking Device","type":"article"},{"path":"\/documentation\/abloycubemobilesdk\/lockunlocking\/unlock(connectedlock:)","title":"func unlock(connectedLock: ConnectedLock) async throws","type":"method"},{"path":"\/documentation\/abloycubemobilesdk\/locklocking\/lock(connectedlock:)","title":"func lock(connectedLock: ConnectedLock) async throws","type":"method"},{"title":"Refreshing Accesses","type":"groupMarker"},{"path":"\/documentation\/abloycubemobilesdk\/refreshingaccesses","title":"Refreshing Accesses","type":"article"},{"path":"\/documentation\/abloycubemobilesdk\/accessfetching\/fetchaccesses()","title":"func fetchAccesses() async throws -> AccessResult","type":"method"},{"children":[{"title":"Enumeration Cases","type":"groupMarker"},{"path":"\/documentation\/abloycubemobilesdk\/accessresult\/accessfetchedfrombackend(_:)","title":"case accessFetchedFromBackend([Access])","type":"case"},{"path":"\/documentation\/abloycubemobilesdk\/accessresult\/accessfetchedfromlocaldatabase(_:)","title":"case accessFetchedFromLocalDatabase([Access])","type":"case"},{"title":"Instance Properties","type":"groupMarker"},{"path":"\/documentation\/abloycubemobilesdk\/accessresult\/accesses","title":"var accesses: [Access]","type":"property"}],"path":"\/documentation\/abloycubemobilesdk\/accessresult","title":"AccessResult","type":"enum"},{"children":[{"title":"Initializers","type":"groupMarker"},{"path":"\/documentation\/abloycubemobilesdk\/access\/init(from:)","title":"init(from: any Decoder) throws","type":"init"},{"path":"\/documentation\/abloycubemobilesdk\/access\/init(lockid:title:start:end:publickeybytes:permissions:lockingdevicetype:)","title":"init(lockID: UUID, title: String, start: Date, end: Date, publicKeyBytes: Data, permissions: [Permission], lockingDeviceType: LockingDeviceType)","type":"init"},{"title":"Instance Properties","type":"groupMarker"},{"path":"\/documentation\/abloycubemobilesdk\/access\/end","title":"let end: Date","type":"property"},{"path":"\/documentation\/abloycubemobilesdk\/access\/lockid","title":"let lockID: UUID","type":"property"},{"path":"\/documentation\/abloycubemobilesdk\/access\/lockingdevicetype","title":"let lockingDeviceType: LockingDeviceType","type":"property"},{"path":"\/documentation\/abloycubemobilesdk\/access\/permissions","title":"let permissions: [Permission]","type":"property"},{"path":"\/documentation\/abloycubemobilesdk\/access\/publickeybytes","title":"let publicKeyBytes: Data","type":"property"},{"path":"\/documentation\/abloycubemobilesdk\/access\/start","title":"let start: Date","type":"property"},{"path":"\/documentation\/abloycubemobilesdk\/access\/title","title":"let title: String","type":"property"},{"title":"Default Implementations","type":"groupMarker"},{"children":[{"title":"Instance Properties","type":"groupMarker"},{"path":"\/documentation\/abloycubemobilesdk\/access\/dd","title":"var dd: DatadogExtension<any AttributeValue>","type":"property"}],"path":"\/documentation\/abloycubemobilesdk\/access\/encodable-implementations","title":"Encodable Implementations","type":"symbol"},{"children":[{"title":"Operators","type":"groupMarker"},{"path":"\/documentation\/abloycubemobilesdk\/access\/!=(_:_:)","title":"static func != (Self, Self) -> Bool","type":"op"}],"path":"\/documentation\/abloycubemobilesdk\/access\/equatable-implementations","title":"Equatable Implementations","type":"symbol"}],"path":"\/documentation\/abloycubemobilesdk\/access","title":"Access","type":"struct"},{"title":"Firmware Updating","type":"groupMarker"},{"path":"\/documentation\/abloycubemobilesdk\/firmwareupdating","title":"Firmware Updating","type":"article"},{"path":"\/documentation\/abloycubemobilesdk\/firmwareupdatechecking\/checkfirmwareupdate(for:)","title":"func checkFirmwareUpdate(for: ConnectedLock) async throws -> FirmwareCheckResult","type":"method"},{"children":[{"title":"Enumeration Cases","type":"groupMarker"},{"path":"\/documentation\/abloycubemobilesdk\/firmwarecheckresult\/uptodate","title":"case upToDate","type":"case"},{"path":"\/documentation\/abloycubemobilesdk\/firmwarecheckresult\/updateavailable(_:)","title":"case updateAvailable(String)","type":"case"}],"path":"\/documentation\/abloycubemobilesdk\/firmwarecheckresult","title":"FirmwareCheckResult","type":"enum"},{"path":"\/documentation\/abloycubemobilesdk\/firmwareupdating\/updatefirmware(for:)","title":"func updateFirmware(for: ConnectedLock) -> AsyncThrowingStream<FirmwareUpdateStatus, Swift.Error>","type":"method"},{"children":[{"title":"Enumeration Cases","type":"groupMarker"},{"path":"\/documentation\/abloycubemobilesdk\/firmwareupdatestatus\/downloadingfirmware","title":"case downloadingFirmware","type":"case"},{"path":"\/documentation\/abloycubemobilesdk\/firmwareupdatestatus\/preparingfiletransfer","title":"case preparingFileTransfer","type":"case"},{"path":"\/documentation\/abloycubemobilesdk\/firmwareupdatestatus\/transferringfirmware(_:)","title":"case transferringFirmware(FirmwareTransferProgress)","type":"case"}],"path":"\/documentation\/abloycubemobilesdk\/firmwareupdatestatus","title":"FirmwareUpdateStatus","type":"enum"},{"title":"Locking Device Certificate Updates","type":"groupMarker"},{"path":"\/documentation\/abloycubemobilesdk\/certificateupdating","title":"Certificate Updating","type":"article"},{"path":"\/documentation\/abloycubemobilesdk\/lockcertificateeventstreaming\/getlockcertificateevents()","title":"func getLockCertificateEvents() -> AsyncStream<LockingDeviceCertificateEvent>","type":"method"},{"children":[{"title":"Initializers","type":"groupMarker"},{"path":"\/documentation\/abloycubemobilesdk\/lockingdevicecertificateevent\/init(hardwareid:newstate:)","title":"init(hardwareID: UUID, newState: LockingDeviceCertificateStateChange)","type":"init"},{"title":"Instance Properties","type":"groupMarker"},{"path":"\/documentation\/abloycubemobilesdk\/lockingdevicecertificateevent\/hardwareid","title":"let hardwareID: UUID","type":"property"},{"path":"\/documentation\/abloycubemobilesdk\/lockingdevicecertificateevent\/newstate","title":"let newState: LockingDeviceCertificateStateChange","type":"property"},{"title":"Default Implementations","type":"groupMarker"},{"children":[{"title":"Operators","type":"groupMarker"},{"path":"\/documentation\/abloycubemobilesdk\/lockingdevicecertificateevent\/!=(_:_:)","title":"static func != (Self, Self) -> Bool","type":"op"}],"path":"\/documentation\/abloycubemobilesdk\/lockingdevicecertificateevent\/equatable-implementations","title":"Equatable Implementations","type":"symbol"}],"path":"\/documentation\/abloycubemobilesdk\/lockingdevicecertificateevent","title":"LockingDeviceCertificateEvent","type":"struct"},{"title":"Background Syncing","type":"groupMarker"},{"path":"\/documentation\/abloycubemobilesdk\/backgroundsyncing","title":"Background Syncing","type":"article"},{"path":"\/documentation\/abloycubemobilesdk\/backgroundsyncenabling\/enablebackgroundsync()","title":"func enableBackgroundSync() -> Bool","type":"method"},{"title":"Diagnostics Consent","type":"groupMarker"},{"path":"\/documentation\/abloycubemobilesdk\/diagnostics","title":"Diagnostics Consent","type":"article"},{"path":"\/documentation\/abloycubemobilesdk\/diagnosticsconsentsetting\/setdiagnosticsconsent(_:)","title":"func setDiagnosticsConsent(Bool)","type":"method"},{"path":"\/documentation\/abloycubemobilesdk\/diagnosticsconsentgetting\/getdiagnosticsconsent()","title":"func getDiagnosticsConsent() -> Bool","type":"method"},{"path":"\/documentation\/abloycubemobilesdk\/diagnosticsidgetting\/getdiagnosticsid()","title":"func getDiagnosticsID() -> UUID","type":"method"},{"title":"Glossary","type":"groupMarker"},{"path":"\/documentation\/abloycubemobilesdk\/cumulusbeatglossary","title":"Glossary","type":"article"},{"title":"Changelog","type":"groupMarker"},{"path":"\/documentation\/abloycubemobilesdk\/cumulusbeatchangelog","title":"Changelog","type":"article"},{"title":"Classes","type":"groupMarker"},{"children":[{"title":"Type Properties","type":"groupMarker"},{"path":"\/documentation\/abloycubemobilesdk\/abloymobilesdk\/shared","title":"static let shared: AbloyMobileSDK","type":"property"},{"title":"Default Implementations","type":"groupMarker"},{"children":[{"title":"Instance Methods","type":"groupMarker"},{"path":"\/documentation\/abloycubemobilesdk\/abloymobilesdk\/fetchaccesses()","title":"func fetchAccesses() async throws -> AccessResult","type":"method"}],"path":"\/documentation\/abloycubemobilesdk\/abloymobilesdk\/accessfetching-implementations","title":"AccessFetching Implementations","type":"symbol"},{"children":[{"title":"Instance Methods","type":"groupMarker"},{"path":"\/documentation\/abloycubemobilesdk\/abloymobilesdk\/enablebackgroundsync()","title":"func enableBackgroundSync() -> Bool","type":"method"}],"path":"\/documentation\/abloycubemobilesdk\/abloymobilesdk\/backgroundsyncenabling-implementations","title":"BackgroundSyncEnabling Implementations","type":"symbol"},{"children":[{"title":"Instance Methods","type":"groupMarker"},{"path":"\/documentation\/abloycubemobilesdk\/abloymobilesdk\/fetchclaimablelocks(page:size:)","title":"func fetchClaimableLocks(page: Int, size: Int) async throws -> [ClaimableLock]","type":"method"}],"path":"\/documentation\/abloycubemobilesdk\/abloymobilesdk\/claimablelockfetching-implementations","title":"ClaimableLockFetching Implementations","type":"symbol"},{"children":[{"title":"Instance Methods","type":"groupMarker"},{"path":"\/documentation\/abloycubemobilesdk\/abloymobilesdk\/getdiagnosticsconsent()","title":"func getDiagnosticsConsent() -> Bool","type":"method"}],"path":"\/documentation\/abloycubemobilesdk\/abloymobilesdk\/diagnosticsconsentgetting-implementations","title":"DiagnosticsConsentGetting Implementations","type":"symbol"},{"children":[{"title":"Instance Methods","type":"groupMarker"},{"path":"\/documentation\/abloycubemobilesdk\/abloymobilesdk\/setdiagnosticsconsent(_:)","title":"func setDiagnosticsConsent(Bool)","type":"method"}],"path":"\/documentation\/abloycubemobilesdk\/abloymobilesdk\/diagnosticsconsentsetting-implementations","title":"DiagnosticsConsentSetting Implementations","type":"symbol"},{"children":[{"title":"Instance Methods","type":"groupMarker"},{"path":"\/documentation\/abloycubemobilesdk\/abloymobilesdk\/getdiagnosticsid()","title":"func getDiagnosticsID() -> UUID","type":"method"}],"path":"\/documentation\/abloycubemobilesdk\/abloymobilesdk\/diagnosticsidgetting-implementations","title":"DiagnosticsIDGetting Implementations","type":"symbol"},{"children":[{"title":"Instance Methods","type":"groupMarker"},{"path":"\/documentation\/abloycubemobilesdk\/abloymobilesdk\/checkfirmwareupdate(for:)","title":"func checkFirmwareUpdate(for: ConnectedLock) async throws -> FirmwareCheckResult","type":"method"}],"path":"\/documentation\/abloycubemobilesdk\/abloymobilesdk\/firmwareupdatechecking-implementations","title":"FirmwareUpdateChecking Implementations","type":"symbol"},{"children":[{"title":"Instance Methods","type":"groupMarker"},{"path":"\/documentation\/abloycubemobilesdk\/abloymobilesdk\/updatefirmware(for:)","title":"func updateFirmware(for: ConnectedLock) -> AsyncThrowingStream<FirmwareUpdateStatus, Swift.Error>","type":"method"}],"path":"\/documentation\/abloycubemobilesdk\/abloymobilesdk\/firmwareupdating-implementations","title":"FirmwareUpdating Implementations","type":"symbol"},{"children":[{"title":"Instance Methods","type":"groupMarker"},{"path":"\/documentation\/abloycubemobilesdk\/abloymobilesdk\/getlockcertificateevents()","title":"func getLockCertificateEvents() -> AsyncStream<LockingDeviceCertificateEvent>","type":"method"}],"path":"\/documentation\/abloycubemobilesdk\/abloymobilesdk\/lockcertificateeventstreaming-implementations","title":"LockCertificateEventStreaming Implementations","type":"symbol"},{"children":[{"title":"Instance Methods","type":"groupMarker"},{"path":"\/documentation\/abloycubemobilesdk\/abloymobilesdk\/claim(connectedlock:with:)","title":"func claim(connectedLock: ConnectedLock, with: ClaimableLock) async throws","type":"method"}],"path":"\/documentation\/abloycubemobilesdk\/abloymobilesdk\/lockclaiming-implementations","title":"LockClaiming Implementations","type":"symbol"},{"children":[{"title":"Instance Methods","type":"groupMarker"},{"path":"\/documentation\/abloycubemobilesdk\/abloymobilesdk\/connect(to:ondisconnect:)","title":"func connect(to: DiscoveredLock, onDisconnect: () -> Void) async throws -> ConnectedLock","type":"method"}],"path":"\/documentation\/abloycubemobilesdk\/abloymobilesdk\/lockconnecting-implementations","title":"LockConnecting Implementations","type":"symbol"},{"children":[{"title":"Instance Methods","type":"groupMarker"},{"path":"\/documentation\/abloycubemobilesdk\/abloymobilesdk\/disconnectfromlock()","title":"func disconnectFromLock() async throws","type":"method"}],"path":"\/documentation\/abloycubemobilesdk\/abloymobilesdk\/lockdisconnecting-implementations","title":"LockDisconnecting Implementations","type":"symbol"},{"children":[{"title":"Instance Methods","type":"groupMarker"},{"path":"\/documentation\/abloycubemobilesdk\/abloymobilesdk\/startlockdiscovery()","title":"func startLockDiscovery() -> AsyncStream<LockingDeviceDiscoveryEvent>","type":"method"},{"path":"\/documentation\/abloycubemobilesdk\/abloymobilesdk\/startlockdiscovery(ondiscovered:ondisappeared:)","title":"func startLockDiscovery(onDiscovered: (DiscoveredLock) -> Void, onDisappeared: (DiscoveredLock) -> Void)","type":"method"}],"path":"\/documentation\/abloycubemobilesdk\/abloymobilesdk\/lockdiscoverystarting-implementations","title":"LockDiscoveryStarting Implementations","type":"symbol"},{"children":[{"title":"Instance Methods","type":"groupMarker"},{"path":"\/documentation\/abloycubemobilesdk\/abloymobilesdk\/stoplockdiscovery()","title":"func stopLockDiscovery()","type":"method"}],"path":"\/documentation\/abloycubemobilesdk\/abloymobilesdk\/lockdiscoverystopping-implementations","title":"LockDiscoveryStopping Implementations","type":"symbol"},{"children":[{"title":"Instance Methods","type":"groupMarker"},{"path":"\/documentation\/abloycubemobilesdk\/abloymobilesdk\/getlockevents()","title":"func getLockEvents() -> AsyncStream<LockingDeviceEvent>","type":"method"}],"path":"\/documentation\/abloycubemobilesdk\/abloymobilesdk\/lockeventstreaming-implementations","title":"LockEventStreaming Implementations","type":"symbol"},{"children":[{"title":"Instance Methods","type":"groupMarker"},{"path":"\/documentation\/abloycubemobilesdk\/abloymobilesdk\/lock(connectedlock:)","title":"func lock(connectedLock: ConnectedLock) async throws","type":"method"}],"path":"\/documentation\/abloycubemobilesdk\/abloymobilesdk\/locklocking-implementations","title":"LockLocking Implementations","type":"symbol"},{"children":[{"title":"Instance Methods","type":"groupMarker"},{"path":"\/documentation\/abloycubemobilesdk\/abloymobilesdk\/unlock(connectedlock:)","title":"func unlock(connectedLock: ConnectedLock) async throws","type":"method"}],"path":"\/documentation\/abloycubemobilesdk\/abloymobilesdk\/lockunlocking-implementations","title":"LockUnlocking Implementations","type":"symbol"},{"children":[{"title":"Instance Methods","type":"groupMarker"},{"path":"\/documentation\/abloycubemobilesdk\/abloymobilesdk\/activateoperatingdevice(with:)","title":"func activateOperatingDevice(with: OperatingDeviceInvitation) async throws","type":"method"}],"path":"\/documentation\/abloycubemobilesdk\/abloymobilesdk\/operatingdeviceactivating-implementations","title":"OperatingDeviceActivating Implementations","type":"symbol"},{"children":[{"title":"Instance Methods","type":"groupMarker"},{"path":"\/documentation\/abloycubemobilesdk\/abloymobilesdk\/getoperatingdeviceactivationstatus()","title":"func getOperatingDeviceActivationStatus() async throws -> OperatingDeviceActivationStatus","type":"method"}],"path":"\/documentation\/abloycubemobilesdk\/abloymobilesdk\/operatingdeviceactivationstatusgetting-implementations","title":"OperatingDeviceActivationStatusGetting Implementations","type":"symbol"},{"children":[{"title":"Instance Methods","type":"groupMarker"},{"path":"\/documentation\/abloycubemobilesdk\/abloymobilesdk\/deactivateoperatingdevice()","title":"func deactivateOperatingDevice() async throws","type":"method"}],"path":"\/documentation\/abloycubemobilesdk\/abloymobilesdk\/operatingdevicedeactivating-implementations","title":"OperatingDeviceDeactivating Implementations","type":"symbol"},{"children":[{"title":"Instance Methods","type":"groupMarker"},{"path":"\/documentation\/abloycubemobilesdk\/abloymobilesdk\/initialize()","title":"func initialize() async throws","type":"method"}],"path":"\/documentation\/abloycubemobilesdk\/abloymobilesdk\/sdkinitializing-implementations","title":"SDKInitializing Implementations","type":"symbol"}],"path":"\/documentation\/abloycubemobilesdk\/abloymobilesdk","title":"AbloyMobileSDK","type":"class"},{"title":"Protocols","type":"groupMarker"},{"children":[{"title":"Instance Methods","type":"groupMarker"},{"path":"\/documentation\/abloycubemobilesdk\/accessfetching\/fetchaccesses()","title":"func fetchAccesses() async throws -> AccessResult","type":"method"}],"path":"\/documentation\/abloycubemobilesdk\/accessfetching","title":"AccessFetching","type":"protocol"},{"children":[{"title":"Instance Methods","type":"groupMarker"},{"path":"\/documentation\/abloycubemobilesdk\/backgroundsyncenabling\/enablebackgroundsync()","title":"func enableBackgroundSync() -> Bool","type":"method"}],"path":"\/documentation\/abloycubemobilesdk\/backgroundsyncenabling","title":"BackgroundSyncEnabling","type":"protocol"},{"children":[{"title":"Instance Methods","type":"groupMarker"},{"path":"\/documentation\/abloycubemobilesdk\/claimablelockfetching\/fetchclaimablelocks(page:size:)","title":"func fetchClaimableLocks(page: Int, size: Int) async throws -> [ClaimableLock]","type":"method"}],"path":"\/documentation\/abloycubemobilesdk\/claimablelockfetching","title":"ClaimableLockFetching","type":"protocol"},{"children":[{"title":"Instance Methods","type":"groupMarker"},{"path":"\/documentation\/abloycubemobilesdk\/diagnosticsconsentgetting\/getdiagnosticsconsent()","title":"func getDiagnosticsConsent() -> Bool","type":"method"}],"path":"\/documentation\/abloycubemobilesdk\/diagnosticsconsentgetting","title":"DiagnosticsConsentGetting","type":"protocol"},{"children":[{"title":"Instance Methods","type":"groupMarker"},{"path":"\/documentation\/abloycubemobilesdk\/diagnosticsconsentsetting\/setdiagnosticsconsent(_:)","title":"func setDiagnosticsConsent(Bool)","type":"method"}],"path":"\/documentation\/abloycubemobilesdk\/diagnosticsconsentsetting","title":"DiagnosticsConsentSetting","type":"protocol"},{"children":[{"title":"Instance Methods","type":"groupMarker"},{"path":"\/documentation\/abloycubemobilesdk\/diagnosticsidgetting\/getdiagnosticsid()","title":"func getDiagnosticsID() -> UUID","type":"method"}],"path":"\/documentation\/abloycubemobilesdk\/diagnosticsidgetting","title":"DiagnosticsIDGetting","type":"protocol"},{"children":[{"title":"Instance Methods","type":"groupMarker"},{"path":"\/documentation\/abloycubemobilesdk\/firmwareupdatechecking\/checkfirmwareupdate(for:)","title":"func checkFirmwareUpdate(for: ConnectedLock) async throws -> FirmwareCheckResult","type":"method"}],"path":"\/documentation\/abloycubemobilesdk\/firmwareupdatechecking","title":"FirmwareUpdateChecking","type":"protocol"},{"children":[{"title":"Instance Methods","type":"groupMarker"},{"path":"\/documentation\/abloycubemobilesdk\/lockcertificateeventstreaming\/getlockcertificateevents()","title":"func getLockCertificateEvents() -> AsyncStream<LockingDeviceCertificateEvent>","type":"method"}],"path":"\/documentation\/abloycubemobilesdk\/lockcertificateeventstreaming","title":"LockCertificateEventStreaming","type":"protocol"},{"children":[{"title":"Instance Methods","type":"groupMarker"},{"path":"\/documentation\/abloycubemobilesdk\/lockclaiming\/claim(connectedlock:with:)","title":"func claim(connectedLock: ConnectedLock, with: ClaimableLock) async throws","type":"method"}],"path":"\/documentation\/abloycubemobilesdk\/lockclaiming","title":"LockClaiming","type":"protocol"},{"children":[{"title":"Instance Methods","type":"groupMarker"},{"path":"\/documentation\/abloycubemobilesdk\/lockconnecting\/connect(to:ondisconnect:)","title":"func connect(to: DiscoveredLock, onDisconnect: () -> Void) async throws -> ConnectedLock","type":"method"}],"path":"\/documentation\/abloycubemobilesdk\/lockconnecting","title":"LockConnecting","type":"protocol"},{"children":[{"title":"Instance Methods","type":"groupMarker"},{"path":"\/documentation\/abloycubemobilesdk\/lockdisconnecting\/disconnectfromlock()","title":"func disconnectFromLock() async throws","type":"method"}],"path":"\/documentation\/abloycubemobilesdk\/lockdisconnecting","title":"LockDisconnecting","type":"protocol"},{"children":[{"title":"Instance Methods","type":"groupMarker"},{"path":"\/documentation\/abloycubemobilesdk\/lockdiscoverystarting\/startlockdiscovery()","title":"func startLockDiscovery() -> AsyncStream<LockingDeviceDiscoveryEvent>","type":"method"},{"path":"\/documentation\/abloycubemobilesdk\/lockdiscoverystarting\/startlockdiscovery(ondiscovered:ondisappeared:)","title":"func startLockDiscovery(onDiscovered: (_ lock: DiscoveredLock) -> Void, onDisappeared: (_ lock: DiscoveredLock) -> Void)","type":"method"}],"path":"\/documentation\/abloycubemobilesdk\/lockdiscoverystarting","title":"LockDiscoveryStarting","type":"protocol"},{"children":[{"title":"Instance Methods","type":"groupMarker"},{"path":"\/documentation\/abloycubemobilesdk\/lockdiscoverystopping\/stoplockdiscovery()","title":"func stopLockDiscovery()","type":"method"}],"path":"\/documentation\/abloycubemobilesdk\/lockdiscoverystopping","title":"LockDiscoveryStopping","type":"protocol"},{"children":[{"title":"Instance Methods","type":"groupMarker"},{"path":"\/documentation\/abloycubemobilesdk\/lockeventstreaming\/getlockevents()","title":"func getLockEvents() -> AsyncStream<LockingDeviceEvent>","type":"method"}],"path":"\/documentation\/abloycubemobilesdk\/lockeventstreaming","title":"LockEventStreaming","type":"protocol"},{"children":[{"title":"Instance Methods","type":"groupMarker"},{"path":"\/documentation\/abloycubemobilesdk\/locklocking\/lock(connectedlock:)","title":"func lock(connectedLock: ConnectedLock) async throws","type":"method"}],"path":"\/documentation\/abloycubemobilesdk\/locklocking","title":"LockLocking","type":"protocol"},{"children":[{"title":"Instance Methods","type":"groupMarker"},{"path":"\/documentation\/abloycubemobilesdk\/lockunlocking\/unlock(connectedlock:)","title":"func unlock(connectedLock: ConnectedLock) async throws","type":"method"}],"path":"\/documentation\/abloycubemobilesdk\/lockunlocking","title":"LockUnlocking","type":"protocol"},{"children":[{"title":"Instance Methods","type":"groupMarker"},{"path":"\/documentation\/abloycubemobilesdk\/operatingdeviceactivating\/activateoperatingdevice(with:)","title":"func activateOperatingDevice(with: OperatingDeviceInvitation) async throws","type":"method"}],"path":"\/documentation\/abloycubemobilesdk\/operatingdeviceactivating","title":"OperatingDeviceActivating","type":"protocol"},{"children":[{"title":"Instance Methods","type":"groupMarker"},{"path":"\/documentation\/abloycubemobilesdk\/operatingdeviceactivationstatusgetting\/getoperatingdeviceactivationstatus()","title":"func getOperatingDeviceActivationStatus() async throws -> OperatingDeviceActivationStatus","type":"method"}],"path":"\/documentation\/abloycubemobilesdk\/operatingdeviceactivationstatusgetting","title":"OperatingDeviceActivationStatusGetting","type":"protocol"},{"children":[{"title":"Instance Methods","type":"groupMarker"},{"path":"\/documentation\/abloycubemobilesdk\/operatingdevicedeactivating\/deactivateoperatingdevice()","title":"func deactivateOperatingDevice() async throws","type":"method"}],"path":"\/documentation\/abloycubemobilesdk\/operatingdevicedeactivating","title":"OperatingDeviceDeactivating","type":"protocol"},{"path":"\/documentation\/abloycubemobilesdk\/operatingdeviceinvitation","title":"OperatingDeviceInvitation","type":"protocol"},{"children":[{"title":"Instance Methods","type":"groupMarker"},{"path":"\/documentation\/abloycubemobilesdk\/sdkinitializing\/initialize()","title":"func initialize() async throws","type":"method"}],"path":"\/documentation\/abloycubemobilesdk\/sdkinitializing","title":"SDKInitializing","type":"protocol"},{"title":"Structures","type":"groupMarker"},{"children":[{"title":"Structures","type":"groupMarker"},{"children":[{"title":"Instance Properties","type":"groupMarker"},{"path":"\/documentation\/abloycubemobilesdk\/accessfetchingfailure\/reason-swift.struct\/message","title":"let message: String","type":"property"},{"title":"Type Properties","type":"groupMarker"},{"path":"\/documentation\/abloycubemobilesdk\/accessfetchingfailure\/reason-swift.struct\/internalfailure","title":"static let internalFailure: `Self`","type":"property"},{"path":"\/documentation\/abloycubemobilesdk\/accessfetchingfailure\/reason-swift.struct\/operatingdeviceinactive","title":"static let operatingDeviceInactive: `Self`","type":"property"},{"path":"\/documentation\/abloycubemobilesdk\/accessfetchingfailure\/reason-swift.struct\/sdkisnotinitialized","title":"static let sdkIsNotInitialized: `Self`","type":"property"},{"path":"\/documentation\/abloycubemobilesdk\/accessfetchingfailure\/reason-swift.struct\/unauthorized","title":"static let unauthorized: `Self`","type":"property"},{"title":"Default Implementations","type":"groupMarker"},{"children":[{"title":"Operators","type":"groupMarker"},{"path":"\/documentation\/abloycubemobilesdk\/accessfetchingfailure\/reason-swift.struct\/!=(_:_:)","title":"static func != (Self, Self) -> Bool","type":"op"}],"path":"\/documentation\/abloycubemobilesdk\/accessfetchingfailure\/reason-swift.struct\/equatable-implementations","title":"Equatable Implementations","type":"symbol"}],"path":"\/documentation\/abloycubemobilesdk\/accessfetchingfailure\/reason-swift.struct","title":"AccessFetchingFailure.Reason","type":"struct"},{"title":"Initializers","type":"groupMarker"},{"path":"\/documentation\/abloycubemobilesdk\/accessfetchingfailure\/init(reason:)","title":"init(reason: Reason)","type":"init"},{"title":"Instance Properties","type":"groupMarker"},{"path":"\/documentation\/abloycubemobilesdk\/accessfetchingfailure\/description","title":"var description: String","type":"property"},{"path":"\/documentation\/abloycubemobilesdk\/accessfetchingfailure\/reason-swift.property","title":"let reason: Reason","type":"property"},{"title":"Default Implementations","type":"groupMarker"},{"children":[{"title":"Operators","type":"groupMarker"},{"path":"\/documentation\/abloycubemobilesdk\/accessfetchingfailure\/!=(_:_:)","title":"static func != (Self, Self) -> Bool","type":"op"}],"path":"\/documentation\/abloycubemobilesdk\/accessfetchingfailure\/equatable-implementations","title":"Equatable Implementations","type":"symbol"},{"children":[{"title":"Instance Properties","type":"groupMarker"},{"path":"\/documentation\/abloycubemobilesdk\/accessfetchingfailure\/localizeddescription","title":"var localizedDescription: String","type":"property"}],"path":"\/documentation\/abloycubemobilesdk\/accessfetchingfailure\/error-implementations","title":"Error Implementations","type":"symbol"}],"path":"\/documentation\/abloycubemobilesdk\/accessfetchingfailure","title":"AccessFetchingFailure","type":"struct"},{"children":[{"title":"Structures","type":"groupMarker"},{"children":[{"title":"Instance Properties","type":"groupMarker"},{"path":"\/documentation\/abloycubemobilesdk\/claimablelockfetchingfailure\/reason-swift.struct\/message","title":"let message: String","type":"property"},{"title":"Type Properties","type":"groupMarker"},{"path":"\/documentation\/abloycubemobilesdk\/claimablelockfetchingfailure\/reason-swift.struct\/internalfailure","title":"static let internalFailure: `Self`","type":"property"},{"path":"\/documentation\/abloycubemobilesdk\/claimablelockfetchingfailure\/reason-swift.struct\/networkfailure","title":"static let networkFailure: `Self`","type":"property"},{"path":"\/documentation\/abloycubemobilesdk\/claimablelockfetchingfailure\/reason-swift.struct\/sdkisnotinitialized","title":"static let sdkIsNotInitialized: `Self`","type":"property"},{"path":"\/documentation\/abloycubemobilesdk\/claimablelockfetchingfailure\/reason-swift.struct\/unauthorized","title":"static let unauthorized: `Self`","type":"property"},{"title":"Default Implementations","type":"groupMarker"},{"children":[{"title":"Operators","type":"groupMarker"},{"path":"\/documentation\/abloycubemobilesdk\/claimablelockfetchingfailure\/reason-swift.struct\/!=(_:_:)","title":"static func != (Self, Self) -> Bool","type":"op"}],"path":"\/documentation\/abloycubemobilesdk\/claimablelockfetchingfailure\/reason-swift.struct\/equatable-implementations","title":"Equatable Implementations","type":"symbol"}],"path":"\/documentation\/abloycubemobilesdk\/claimablelockfetchingfailure\/reason-swift.struct","title":"ClaimableLockFetchingFailure.Reason","type":"struct"},{"title":"Initializers","type":"groupMarker"},{"path":"\/documentation\/abloycubemobilesdk\/claimablelockfetchingfailure\/init(reason:)","title":"init(reason: Reason)","type":"init"},{"title":"Instance Properties","type":"groupMarker"},{"path":"\/documentation\/abloycubemobilesdk\/claimablelockfetchingfailure\/description","title":"var description: String","type":"property"},{"path":"\/documentation\/abloycubemobilesdk\/claimablelockfetchingfailure\/reason-swift.property","title":"let reason: Reason","type":"property"},{"title":"Default Implementations","type":"groupMarker"},{"children":[{"title":"Operators","type":"groupMarker"},{"path":"\/documentation\/abloycubemobilesdk\/claimablelockfetchingfailure\/!=(_:_:)","title":"static func != (Self, Self) -> Bool","type":"op"}],"path":"\/documentation\/abloycubemobilesdk\/claimablelockfetchingfailure\/equatable-implementations","title":"Equatable Implementations","type":"symbol"},{"children":[{"title":"Instance Properties","type":"groupMarker"},{"path":"\/documentation\/abloycubemobilesdk\/claimablelockfetchingfailure\/localizeddescription","title":"var localizedDescription: String","type":"property"}],"path":"\/documentation\/abloycubemobilesdk\/claimablelockfetchingfailure\/error-implementations","title":"Error Implementations","type":"symbol"}],"path":"\/documentation\/abloycubemobilesdk\/claimablelockfetchingfailure","title":"ClaimableLockFetchingFailure","type":"struct"},{"children":[{"title":"Initializers","type":"groupMarker"},{"path":"\/documentation\/abloycubemobilesdk\/firmwaretransferprogress\/init(currentbytecount:totalbytecount:)","title":"init(currentByteCount: Int, totalByteCount: Int)","type":"init"},{"title":"Instance Properties","type":"groupMarker"},{"path":"\/documentation\/abloycubemobilesdk\/firmwaretransferprogress\/currentbytecount","title":"let currentByteCount: Int","type":"property"},{"path":"\/documentation\/abloycubemobilesdk\/firmwaretransferprogress\/percentage","title":"let percentage: Double","type":"property"},{"path":"\/documentation\/abloycubemobilesdk\/firmwaretransferprogress\/totalbytecount","title":"let totalByteCount: Int","type":"property"}],"path":"\/documentation\/abloycubemobilesdk\/firmwaretransferprogress","title":"FirmwareTransferProgress","type":"struct"},{"children":[{"title":"Structures","type":"groupMarker"},{"children":[{"title":"Instance Properties","type":"groupMarker"},{"path":"\/documentation\/abloycubemobilesdk\/firmwareupdatecheckingfailure\/reason-swift.struct\/message","title":"let message: String","type":"property"},{"title":"Type Properties","type":"groupMarker"},{"path":"\/documentation\/abloycubemobilesdk\/firmwareupdatecheckingfailure\/reason-swift.struct\/internalfailure","title":"static let internalFailure: `Self`","type":"property"},{"path":"\/documentation\/abloycubemobilesdk\/firmwareupdatecheckingfailure\/reason-swift.struct\/invalidcurrentfirmwareversion","title":"static let invalidCurrentFirmwareVersion: `Self`","type":"property"},{"path":"\/documentation\/abloycubemobilesdk\/firmwareupdatecheckingfailure\/reason-swift.struct\/networkfailure","title":"static let networkFailure: `Self`","type":"property"},{"path":"\/documentation\/abloycubemobilesdk\/firmwareupdatecheckingfailure\/reason-swift.struct\/notconnected","title":"static let notConnected: `Self`","type":"property"},{"path":"\/documentation\/abloycubemobilesdk\/firmwareupdatecheckingfailure\/reason-swift.struct\/sdkisnotinitialized","title":"static let sdkIsNotInitialized: `Self`","type":"property"},{"path":"\/documentation\/abloycubemobilesdk\/firmwareupdatecheckingfailure\/reason-swift.struct\/unauthorized","title":"static let unauthorized: `Self`","type":"property"},{"title":"Default Implementations","type":"groupMarker"},{"children":[{"title":"Operators","type":"groupMarker"},{"path":"\/documentation\/abloycubemobilesdk\/firmwareupdatecheckingfailure\/reason-swift.struct\/!=(_:_:)","title":"static func != (Self, Self) -> Bool","type":"op"}],"path":"\/documentation\/abloycubemobilesdk\/firmwareupdatecheckingfailure\/reason-swift.struct\/equatable-implementations","title":"Equatable Implementations","type":"symbol"}],"path":"\/documentation\/abloycubemobilesdk\/firmwareupdatecheckingfailure\/reason-swift.struct","title":"FirmwareUpdateCheckingFailure.Reason","type":"struct"},{"title":"Initializers","type":"groupMarker"},{"path":"\/documentation\/abloycubemobilesdk\/firmwareupdatecheckingfailure\/init(reason:)","title":"init(reason: Reason)","type":"init"},{"title":"Instance Properties","type":"groupMarker"},{"path":"\/documentation\/abloycubemobilesdk\/firmwareupdatecheckingfailure\/description","title":"var description: String","type":"property"},{"path":"\/documentation\/abloycubemobilesdk\/firmwareupdatecheckingfailure\/reason-swift.property","title":"let reason: Reason","type":"property"},{"title":"Default Implementations","type":"groupMarker"},{"children":[{"title":"Operators","type":"groupMarker"},{"path":"\/documentation\/abloycubemobilesdk\/firmwareupdatecheckingfailure\/!=(_:_:)","title":"static func != (Self, Self) -> Bool","type":"op"}],"path":"\/documentation\/abloycubemobilesdk\/firmwareupdatecheckingfailure\/equatable-implementations","title":"Equatable Implementations","type":"symbol"},{"children":[{"title":"Instance Properties","type":"groupMarker"},{"path":"\/documentation\/abloycubemobilesdk\/firmwareupdatecheckingfailure\/localizeddescription","title":"var localizedDescription: String","type":"property"}],"path":"\/documentation\/abloycubemobilesdk\/firmwareupdatecheckingfailure\/error-implementations","title":"Error Implementations","type":"symbol"}],"path":"\/documentation\/abloycubemobilesdk\/firmwareupdatecheckingfailure","title":"FirmwareUpdateCheckingFailure","type":"struct"},{"children":[{"title":"Structures","type":"groupMarker"},{"children":[{"title":"Instance Properties","type":"groupMarker"},{"path":"\/documentation\/abloycubemobilesdk\/firmwareupdatingfailure\/reason-swift.struct\/message","title":"let message: String","type":"property"},{"title":"Type Properties","type":"groupMarker"},{"path":"\/documentation\/abloycubemobilesdk\/firmwareupdatingfailure\/reason-swift.struct\/internalfailure","title":"static let internalFailure: `Self`","type":"property"},{"path":"\/documentation\/abloycubemobilesdk\/firmwareupdatingfailure\/reason-swift.struct\/missingfirmwareinfo","title":"static let missingFirmwareInfo: `Self`","type":"property"},{"path":"\/documentation\/abloycubemobilesdk\/firmwareupdatingfailure\/reason-swift.struct\/missingpermissions","title":"static let missingPermissions: `Self`","type":"property"},{"path":"\/documentation\/abloycubemobilesdk\/firmwareupdatingfailure\/reason-swift.struct\/notconnected","title":"static let notConnected: `Self`","type":"property"},{"path":"\/documentation\/abloycubemobilesdk\/firmwareupdatingfailure\/reason-swift.struct\/sdkisnotinitialized","title":"static let sdkIsNotInitialized: `Self`","type":"property"},{"path":"\/documentation\/abloycubemobilesdk\/firmwareupdatingfailure\/reason-swift.struct\/unauthorized","title":"static let unauthorized: `Self`","type":"property"},{"title":"Default Implementations","type":"groupMarker"},{"children":[{"title":"Operators","type":"groupMarker"},{"path":"\/documentation\/abloycubemobilesdk\/firmwareupdatingfailure\/reason-swift.struct\/!=(_:_:)","title":"static func != (Self, Self) -> Bool","type":"op"}],"path":"\/documentation\/abloycubemobilesdk\/firmwareupdatingfailure\/reason-swift.struct\/equatable-implementations","title":"Equatable Implementations","type":"symbol"}],"path":"\/documentation\/abloycubemobilesdk\/firmwareupdatingfailure\/reason-swift.struct","title":"FirmwareUpdatingFailure.Reason","type":"struct"},{"title":"Initializers","type":"groupMarker"},{"path":"\/documentation\/abloycubemobilesdk\/firmwareupdatingfailure\/init(reason:)","title":"init(reason: Reason)","type":"init"},{"title":"Instance Properties","type":"groupMarker"},{"path":"\/documentation\/abloycubemobilesdk\/firmwareupdatingfailure\/description","title":"var description: String","type":"property"},{"path":"\/documentation\/abloycubemobilesdk\/firmwareupdatingfailure\/reason-swift.property","title":"let reason: Reason","type":"property"},{"title":"Default Implementations","type":"groupMarker"},{"children":[{"title":"Operators","type":"groupMarker"},{"path":"\/documentation\/abloycubemobilesdk\/firmwareupdatingfailure\/!=(_:_:)","title":"static func != (Self, Self) -> Bool","type":"op"}],"path":"\/documentation\/abloycubemobilesdk\/firmwareupdatingfailure\/equatable-implementations","title":"Equatable Implementations","type":"symbol"},{"children":[{"title":"Instance Properties","type":"groupMarker"},{"path":"\/documentation\/abloycubemobilesdk\/firmwareupdatingfailure\/localizeddescription","title":"var localizedDescription: String","type":"property"}],"path":"\/documentation\/abloycubemobilesdk\/firmwareupdatingfailure\/error-implementations","title":"Error Implementations","type":"symbol"}],"path":"\/documentation\/abloycubemobilesdk\/firmwareupdatingfailure","title":"FirmwareUpdatingFailure","type":"struct"},{"children":[{"title":"Structures","type":"groupMarker"},{"children":[{"title":"Instance Properties","type":"groupMarker"},{"path":"\/documentation\/abloycubemobilesdk\/lockclaimingfailure\/reason-swift.struct\/message","title":"let message: String","type":"property"},{"title":"Type Properties","type":"groupMarker"},{"path":"\/documentation\/abloycubemobilesdk\/lockclaimingfailure\/reason-swift.struct\/internalfailure","title":"static let internalFailure: `Self`","type":"property"},{"path":"\/documentation\/abloycubemobilesdk\/lockclaimingfailure\/reason-swift.struct\/sdkisnotinitialized","title":"static let sdkIsNotInitialized: `Self`","type":"property"},{"path":"\/documentation\/abloycubemobilesdk\/lockclaimingfailure\/reason-swift.struct\/unauthorized","title":"static let unauthorized: `Self`","type":"property"},{"title":"Default Implementations","type":"groupMarker"},{"children":[{"title":"Operators","type":"groupMarker"},{"path":"\/documentation\/abloycubemobilesdk\/lockclaimingfailure\/reason-swift.struct\/!=(_:_:)","title":"static func != (Self, Self) -> Bool","type":"op"}],"path":"\/documentation\/abloycubemobilesdk\/lockclaimingfailure\/reason-swift.struct\/equatable-implementations","title":"Equatable Implementations","type":"symbol"}],"path":"\/documentation\/abloycubemobilesdk\/lockclaimingfailure\/reason-swift.struct","title":"LockClaimingFailure.Reason","type":"struct"},{"title":"Initializers","type":"groupMarker"},{"path":"\/documentation\/abloycubemobilesdk\/lockclaimingfailure\/init(reason:)","title":"init(reason: Reason)","type":"init"},{"title":"Instance Properties","type":"groupMarker"},{"path":"\/documentation\/abloycubemobilesdk\/lockclaimingfailure\/description","title":"var description: String","type":"property"},{"path":"\/documentation\/abloycubemobilesdk\/lockclaimingfailure\/reason-swift.property","title":"let reason: Reason","type":"property"},{"title":"Default Implementations","type":"groupMarker"},{"children":[{"title":"Operators","type":"groupMarker"},{"path":"\/documentation\/abloycubemobilesdk\/lockclaimingfailure\/!=(_:_:)","title":"static func != (Self, Self) -> Bool","type":"op"}],"path":"\/documentation\/abloycubemobilesdk\/lockclaimingfailure\/equatable-implementations","title":"Equatable Implementations","type":"symbol"},{"children":[{"title":"Instance Properties","type":"groupMarker"},{"path":"\/documentation\/abloycubemobilesdk\/lockclaimingfailure\/localizeddescription","title":"var localizedDescription: String","type":"property"}],"path":"\/documentation\/abloycubemobilesdk\/lockclaimingfailure\/error-implementations","title":"Error Implementations","type":"symbol"}],"path":"\/documentation\/abloycubemobilesdk\/lockclaimingfailure","title":"LockClaimingFailure","type":"struct"},{"children":[{"title":"Structures","type":"groupMarker"},{"children":[{"title":"Instance Properties","type":"groupMarker"},{"path":"\/documentation\/abloycubemobilesdk\/lockconnectingfailure\/reason-swift.struct\/message","title":"let message: String","type":"property"},{"title":"Type Properties","type":"groupMarker"},{"path":"\/documentation\/abloycubemobilesdk\/lockconnectingfailure\/reason-swift.struct\/connectionprocessongoing","title":"static let connectionProcessOngoing: `Self`","type":"property"},{"path":"\/documentation\/abloycubemobilesdk\/lockconnectingfailure\/reason-swift.struct\/connectionswitchfailure","title":"static let connectionSwitchFailure: `Self`","type":"property"},{"path":"\/documentation\/abloycubemobilesdk\/lockconnectingfailure\/reason-swift.struct\/internalfailure","title":"static let internalFailure: `Self`","type":"property"},{"path":"\/documentation\/abloycubemobilesdk\/lockconnectingfailure\/reason-swift.struct\/rebootfailed","title":"static let rebootFailed: `Self`","type":"property"},{"path":"\/documentation\/abloycubemobilesdk\/lockconnectingfailure\/reason-swift.struct\/sdkisnotinitialized","title":"static let sdkIsNotInitialized: `Self`","type":"property"},{"title":"Default Implementations","type":"groupMarker"},{"children":[{"title":"Operators","type":"groupMarker"},{"path":"\/documentation\/abloycubemobilesdk\/lockconnectingfailure\/reason-swift.struct\/!=(_:_:)","title":"static func != (Self, Self) -> Bool","type":"op"}],"path":"\/documentation\/abloycubemobilesdk\/lockconnectingfailure\/reason-swift.struct\/equatable-implementations","title":"Equatable Implementations","type":"symbol"}],"path":"\/documentation\/abloycubemobilesdk\/lockconnectingfailure\/reason-swift.struct","title":"LockConnectingFailure.Reason","type":"struct"},{"title":"Initializers","type":"groupMarker"},{"path":"\/documentation\/abloycubemobilesdk\/lockconnectingfailure\/init(reason:)","title":"init(reason: Reason)","type":"init"},{"title":"Instance Properties","type":"groupMarker"},{"path":"\/documentation\/abloycubemobilesdk\/lockconnectingfailure\/description","title":"var description: String","type":"property"},{"path":"\/documentation\/abloycubemobilesdk\/lockconnectingfailure\/reason-swift.property","title":"let reason: Reason","type":"property"},{"title":"Default Implementations","type":"groupMarker"},{"children":[{"title":"Operators","type":"groupMarker"},{"path":"\/documentation\/abloycubemobilesdk\/lockconnectingfailure\/!=(_:_:)","title":"static func != (Self, Self) -> Bool","type":"op"}],"path":"\/documentation\/abloycubemobilesdk\/lockconnectingfailure\/equatable-implementations","title":"Equatable Implementations","type":"symbol"},{"children":[{"title":"Instance Properties","type":"groupMarker"},{"path":"\/documentation\/abloycubemobilesdk\/lockconnectingfailure\/localizeddescription","title":"var localizedDescription: String","type":"property"}],"path":"\/documentation\/abloycubemobilesdk\/lockconnectingfailure\/error-implementations","title":"Error Implementations","type":"symbol"}],"path":"\/documentation\/abloycubemobilesdk\/lockconnectingfailure","title":"LockConnectingFailure","type":"struct"},{"children":[{"title":"Structures","type":"groupMarker"},{"children":[{"title":"Instance Properties","type":"groupMarker"},{"path":"\/documentation\/abloycubemobilesdk\/lockdisconnectingfailure\/reason-swift.struct\/message","title":"let message: String","type":"property"},{"title":"Type Properties","type":"groupMarker"},{"path":"\/documentation\/abloycubemobilesdk\/lockdisconnectingfailure\/reason-swift.struct\/internalfailure","title":"static let internalFailure: `Self`","type":"property"},{"path":"\/documentation\/abloycubemobilesdk\/lockdisconnectingfailure\/reason-swift.struct\/sdkisnotinitialized","title":"static let sdkIsNotInitialized: `Self`","type":"property"},{"title":"Default Implementations","type":"groupMarker"},{"children":[{"title":"Operators","type":"groupMarker"},{"path":"\/documentation\/abloycubemobilesdk\/lockdisconnectingfailure\/reason-swift.struct\/!=(_:_:)","title":"static func != (Self, Self) -> Bool","type":"op"}],"path":"\/documentation\/abloycubemobilesdk\/lockdisconnectingfailure\/reason-swift.struct\/equatable-implementations","title":"Equatable Implementations","type":"symbol"}],"path":"\/documentation\/abloycubemobilesdk\/lockdisconnectingfailure\/reason-swift.struct","title":"LockDisconnectingFailure.Reason","type":"struct"},{"title":"Initializers","type":"groupMarker"},{"path":"\/documentation\/abloycubemobilesdk\/lockdisconnectingfailure\/init(reason:)","title":"init(reason: Reason)","type":"init"},{"title":"Instance Properties","type":"groupMarker"},{"path":"\/documentation\/abloycubemobilesdk\/lockdisconnectingfailure\/description","title":"var description: String","type":"property"},{"path":"\/documentation\/abloycubemobilesdk\/lockdisconnectingfailure\/reason-swift.property","title":"let reason: Reason","type":"property"},{"title":"Default Implementations","type":"groupMarker"},{"children":[{"title":"Operators","type":"groupMarker"},{"path":"\/documentation\/abloycubemobilesdk\/lockdisconnectingfailure\/!=(_:_:)","title":"static func != (Self, Self) -> Bool","type":"op"}],"path":"\/documentation\/abloycubemobilesdk\/lockdisconnectingfailure\/equatable-implementations","title":"Equatable Implementations","type":"symbol"},{"children":[{"title":"Instance Properties","type":"groupMarker"},{"path":"\/documentation\/abloycubemobilesdk\/lockdisconnectingfailure\/localizeddescription","title":"var localizedDescription: String","type":"property"}],"path":"\/documentation\/abloycubemobilesdk\/lockdisconnectingfailure\/error-implementations","title":"Error Implementations","type":"symbol"}],"path":"\/documentation\/abloycubemobilesdk\/lockdisconnectingfailure","title":"LockDisconnectingFailure","type":"struct"},{"children":[{"title":"Structures","type":"groupMarker"},{"children":[{"title":"Instance Properties","type":"groupMarker"},{"path":"\/documentation\/abloycubemobilesdk\/locklockingfailure\/reason-swift.struct\/message","title":"let message: String","type":"property"},{"title":"Type Properties","type":"groupMarker"},{"path":"\/documentation\/abloycubemobilesdk\/locklockingfailure\/reason-swift.struct\/internalfailure","title":"static let internalFailure: `Self`","type":"property"},{"path":"\/documentation\/abloycubemobilesdk\/locklockingfailure\/reason-swift.struct\/lockingtimeout","title":"static let lockingTimeout: `Self`","type":"property"},{"path":"\/documentation\/abloycubemobilesdk\/locklockingfailure\/reason-swift.struct\/sdkisnotinitialized","title":"static let sdkIsNotInitialized: `Self`","type":"property"},{"title":"Default Implementations","type":"groupMarker"},{"children":[{"title":"Operators","type":"groupMarker"},{"path":"\/documentation\/abloycubemobilesdk\/locklockingfailure\/reason-swift.struct\/!=(_:_:)","title":"static func != (Self, Self) -> Bool","type":"op"}],"path":"\/documentation\/abloycubemobilesdk\/locklockingfailure\/reason-swift.struct\/equatable-implementations","title":"Equatable Implementations","type":"symbol"}],"path":"\/documentation\/abloycubemobilesdk\/locklockingfailure\/reason-swift.struct","title":"LockLockingFailure.Reason","type":"struct"},{"title":"Initializers","type":"groupMarker"},{"path":"\/documentation\/abloycubemobilesdk\/locklockingfailure\/init(reason:)","title":"init(reason: Reason)","type":"init"},{"title":"Instance Properties","type":"groupMarker"},{"path":"\/documentation\/abloycubemobilesdk\/locklockingfailure\/description","title":"var description: String","type":"property"},{"path":"\/documentation\/abloycubemobilesdk\/locklockingfailure\/reason-swift.property","title":"let reason: Reason","type":"property"},{"title":"Default Implementations","type":"groupMarker"},{"children":[{"title":"Operators","type":"groupMarker"},{"path":"\/documentation\/abloycubemobilesdk\/locklockingfailure\/!=(_:_:)","title":"static func != (Self, Self) -> Bool","type":"op"}],"path":"\/documentation\/abloycubemobilesdk\/locklockingfailure\/equatable-implementations","title":"Equatable Implementations","type":"symbol"},{"children":[{"title":"Instance Properties","type":"groupMarker"},{"path":"\/documentation\/abloycubemobilesdk\/locklockingfailure\/localizeddescription","title":"var localizedDescription: String","type":"property"}],"path":"\/documentation\/abloycubemobilesdk\/locklockingfailure\/error-implementations","title":"Error Implementations","type":"symbol"}],"path":"\/documentation\/abloycubemobilesdk\/locklockingfailure","title":"LockLockingFailure","type":"struct"},{"children":[{"title":"Structures","type":"groupMarker"},{"children":[{"title":"Instance Properties","type":"groupMarker"},{"path":"\/documentation\/abloycubemobilesdk\/lockunlockingfailure\/reason-swift.struct\/message","title":"let message: String","type":"property"},{"title":"Type Properties","type":"groupMarker"},{"path":"\/documentation\/abloycubemobilesdk\/lockunlockingfailure\/reason-swift.struct\/internalfailure","title":"static let internalFailure: `Self`","type":"property"},{"path":"\/documentation\/abloycubemobilesdk\/lockunlockingfailure\/reason-swift.struct\/sdkisnotinitialized","title":"static let sdkIsNotInitialized: `Self`","type":"property"},{"path":"\/documentation\/abloycubemobilesdk\/lockunlockingfailure\/reason-swift.struct\/unlockingtimeout","title":"static let unlockingTimeout: `Self`","type":"property"},{"title":"Default Implementations","type":"groupMarker"},{"children":[{"title":"Operators","type":"groupMarker"},{"path":"\/documentation\/abloycubemobilesdk\/lockunlockingfailure\/reason-swift.struct\/!=(_:_:)","title":"static func != (Self, Self) -> Bool","type":"op"}],"path":"\/documentation\/abloycubemobilesdk\/lockunlockingfailure\/reason-swift.struct\/equatable-implementations","title":"Equatable Implementations","type":"symbol"}],"path":"\/documentation\/abloycubemobilesdk\/lockunlockingfailure\/reason-swift.struct","title":"LockUnlockingFailure.Reason","type":"struct"},{"title":"Initializers","type":"groupMarker"},{"path":"\/documentation\/abloycubemobilesdk\/lockunlockingfailure\/init(reason:)","title":"init(reason: Reason)","type":"init"},{"title":"Instance Properties","type":"groupMarker"},{"path":"\/documentation\/abloycubemobilesdk\/lockunlockingfailure\/description","title":"var description: String","type":"property"},{"path":"\/documentation\/abloycubemobilesdk\/lockunlockingfailure\/reason-swift.property","title":"let reason: Reason","type":"property"},{"title":"Default Implementations","type":"groupMarker"},{"children":[{"title":"Operators","type":"groupMarker"},{"path":"\/documentation\/abloycubemobilesdk\/lockunlockingfailure\/!=(_:_:)","title":"static func != (Self, Self) -> Bool","type":"op"}],"path":"\/documentation\/abloycubemobilesdk\/lockunlockingfailure\/equatable-implementations","title":"Equatable Implementations","type":"symbol"},{"children":[{"title":"Instance Properties","type":"groupMarker"},{"path":"\/documentation\/abloycubemobilesdk\/lockunlockingfailure\/localizeddescription","title":"var localizedDescription: String","type":"property"}],"path":"\/documentation\/abloycubemobilesdk\/lockunlockingfailure\/error-implementations","title":"Error Implementations","type":"symbol"}],"path":"\/documentation\/abloycubemobilesdk\/lockunlockingfailure","title":"LockUnlockingFailure","type":"struct"},{"children":[{"title":"Structures","type":"groupMarker"},{"children":[{"title":"Instance Properties","type":"groupMarker"},{"path":"\/documentation\/abloycubemobilesdk\/operatingdeviceactivatingfailure\/reason-swift.struct\/message","title":"let message: String","type":"property"},{"title":"Type Properties","type":"groupMarker"},{"path":"\/documentation\/abloycubemobilesdk\/operatingdeviceactivatingfailure\/reason-swift.struct\/activationongoing","title":"static let activationOngoing: `Self`","type":"property"},{"path":"\/documentation\/abloycubemobilesdk\/operatingdeviceactivatingfailure\/reason-swift.struct\/alreadyactivated","title":"static let alreadyActivated: `Self`","type":"property"},{"path":"\/documentation\/abloycubemobilesdk\/operatingdeviceactivatingfailure\/reason-swift.struct\/deactivationongoing","title":"static let deactivationOngoing: `Self`","type":"property"},{"path":"\/documentation\/abloycubemobilesdk\/operatingdeviceactivatingfailure\/reason-swift.struct\/internalfailure","title":"static let internalFailure: `Self`","type":"property"},{"path":"\/documentation\/abloycubemobilesdk\/operatingdeviceactivatingfailure\/reason-swift.struct\/invalidinvitationcode","title":"static let invalidInvitationCode: `Self`","type":"property"},{"path":"\/documentation\/abloycubemobilesdk\/operatingdeviceactivatingfailure\/reason-swift.struct\/invalidinvitationtype","title":"static let invalidInvitationType: `Self`","type":"property"},{"path":"\/documentation\/abloycubemobilesdk\/operatingdeviceactivatingfailure\/reason-swift.struct\/keylessplatformactivationfailed","title":"static let keylessPlatformActivationFailed: `Self`","type":"property"},{"path":"\/documentation\/abloycubemobilesdk\/operatingdeviceactivatingfailure\/reason-swift.struct\/networkrequestfailed","title":"static let networkRequestFailed: `Self`","type":"property"},{"path":"\/documentation\/abloycubemobilesdk\/operatingdeviceactivatingfailure\/reason-swift.struct\/sdkisnotinitialized","title":"static let sdkIsNotInitialized: `Self`","type":"property"},{"title":"Default Implementations","type":"groupMarker"},{"children":[{"title":"Operators","type":"groupMarker"},{"path":"\/documentation\/abloycubemobilesdk\/operatingdeviceactivatingfailure\/reason-swift.struct\/!=(_:_:)","title":"static func != (Self, Self) -> Bool","type":"op"}],"path":"\/documentation\/abloycubemobilesdk\/operatingdeviceactivatingfailure\/reason-swift.struct\/equatable-implementations","title":"Equatable Implementations","type":"symbol"}],"path":"\/documentation\/abloycubemobilesdk\/operatingdeviceactivatingfailure\/reason-swift.struct","title":"OperatingDeviceActivatingFailure.Reason","type":"struct"},{"title":"Initializers","type":"groupMarker"},{"path":"\/documentation\/abloycubemobilesdk\/operatingdeviceactivatingfailure\/init(reason:)","title":"init(reason: Reason)","type":"init"},{"title":"Instance Properties","type":"groupMarker"},{"path":"\/documentation\/abloycubemobilesdk\/operatingdeviceactivatingfailure\/description","title":"var description: String","type":"property"},{"path":"\/documentation\/abloycubemobilesdk\/operatingdeviceactivatingfailure\/reason-swift.property","title":"let reason: Reason","type":"property"},{"title":"Default Implementations","type":"groupMarker"},{"children":[{"title":"Operators","type":"groupMarker"},{"path":"\/documentation\/abloycubemobilesdk\/operatingdeviceactivatingfailure\/!=(_:_:)","title":"static func != (Self, Self) -> Bool","type":"op"}],"path":"\/documentation\/abloycubemobilesdk\/operatingdeviceactivatingfailure\/equatable-implementations","title":"Equatable Implementations","type":"symbol"},{"children":[{"title":"Instance Properties","type":"groupMarker"},{"path":"\/documentation\/abloycubemobilesdk\/operatingdeviceactivatingfailure\/localizeddescription","title":"var localizedDescription: String","type":"property"}],"path":"\/documentation\/abloycubemobilesdk\/operatingdeviceactivatingfailure\/error-implementations","title":"Error Implementations","type":"symbol"}],"path":"\/documentation\/abloycubemobilesdk\/operatingdeviceactivatingfailure","title":"OperatingDeviceActivatingFailure","type":"struct"},{"children":[{"title":"Structures","type":"groupMarker"},{"children":[{"title":"Instance Properties","type":"groupMarker"},{"path":"\/documentation\/abloycubemobilesdk\/operatingdeviceactivationstatusgettingfailure\/reason-swift.struct\/message","title":"let message: String","type":"property"},{"title":"Type Properties","type":"groupMarker"},{"path":"\/documentation\/abloycubemobilesdk\/operatingdeviceactivationstatusgettingfailure\/reason-swift.struct\/sdkisnotinitialized","title":"static let sdkIsNotInitialized: `Self`","type":"property"},{"title":"Default Implementations","type":"groupMarker"},{"children":[{"title":"Operators","type":"groupMarker"},{"path":"\/documentation\/abloycubemobilesdk\/operatingdeviceactivationstatusgettingfailure\/reason-swift.struct\/!=(_:_:)","title":"static func != (Self, Self) -> Bool","type":"op"}],"path":"\/documentation\/abloycubemobilesdk\/operatingdeviceactivationstatusgettingfailure\/reason-swift.struct\/equatable-implementations","title":"Equatable Implementations","type":"symbol"}],"path":"\/documentation\/abloycubemobilesdk\/operatingdeviceactivationstatusgettingfailure\/reason-swift.struct","title":"OperatingDeviceActivationStatusGettingFailure.Reason","type":"struct"},{"title":"Initializers","type":"groupMarker"},{"path":"\/documentation\/abloycubemobilesdk\/operatingdeviceactivationstatusgettingfailure\/init(reason:)","title":"init(reason: Reason)","type":"init"},{"title":"Instance Properties","type":"groupMarker"},{"path":"\/documentation\/abloycubemobilesdk\/operatingdeviceactivationstatusgettingfailure\/description","title":"var description: String","type":"property"},{"path":"\/documentation\/abloycubemobilesdk\/operatingdeviceactivationstatusgettingfailure\/reason-swift.property","title":"let reason: Reason","type":"property"},{"title":"Default Implementations","type":"groupMarker"},{"children":[{"title":"Operators","type":"groupMarker"},{"path":"\/documentation\/abloycubemobilesdk\/operatingdeviceactivationstatusgettingfailure\/!=(_:_:)","title":"static func != (Self, Self) -> Bool","type":"op"}],"path":"\/documentation\/abloycubemobilesdk\/operatingdeviceactivationstatusgettingfailure\/equatable-implementations","title":"Equatable Implementations","type":"symbol"},{"children":[{"title":"Instance Properties","type":"groupMarker"},{"path":"\/documentation\/abloycubemobilesdk\/operatingdeviceactivationstatusgettingfailure\/localizeddescription","title":"var localizedDescription: String","type":"property"}],"path":"\/documentation\/abloycubemobilesdk\/operatingdeviceactivationstatusgettingfailure\/error-implementations","title":"Error Implementations","type":"symbol"}],"path":"\/documentation\/abloycubemobilesdk\/operatingdeviceactivationstatusgettingfailure","title":"OperatingDeviceActivationStatusGettingFailure","type":"struct"},{"children":[{"title":"Structures","type":"groupMarker"},{"children":[{"title":"Instance Properties","type":"groupMarker"},{"path":"\/documentation\/abloycubemobilesdk\/operatingdevicedeactivatingfailure\/reason-swift.struct\/message","title":"let message: String","type":"property"},{"title":"Type Properties","type":"groupMarker"},{"path":"\/documentation\/abloycubemobilesdk\/operatingdevicedeactivatingfailure\/reason-swift.struct\/activationongoing","title":"static let activationOngoing: `Self`","type":"property"},{"path":"\/documentation\/abloycubemobilesdk\/operatingdevicedeactivatingfailure\/reason-swift.struct\/alreadydeactivated","title":"static let alreadyDeactivated: `Self`","type":"property"},{"path":"\/documentation\/abloycubemobilesdk\/operatingdevicedeactivatingfailure\/reason-swift.struct\/deactivationongoing","title":"static let deactivationOngoing: `Self`","type":"property"},{"path":"\/documentation\/abloycubemobilesdk\/operatingdevicedeactivatingfailure\/reason-swift.struct\/internalfailure","title":"static let internalFailure: `Self`","type":"property"},{"path":"\/documentation\/abloycubemobilesdk\/operatingdevicedeactivatingfailure\/reason-swift.struct\/sdkisnotinitialized","title":"static let sdkIsNotInitialized: `Self`","type":"property"},{"title":"Default Implementations","type":"groupMarker"},{"children":[{"title":"Operators","type":"groupMarker"},{"path":"\/documentation\/abloycubemobilesdk\/operatingdevicedeactivatingfailure\/reason-swift.struct\/!=(_:_:)","title":"static func != (Self, Self) -> Bool","type":"op"}],"path":"\/documentation\/abloycubemobilesdk\/operatingdevicedeactivatingfailure\/reason-swift.struct\/equatable-implementations","title":"Equatable Implementations","type":"symbol"}],"path":"\/documentation\/abloycubemobilesdk\/operatingdevicedeactivatingfailure\/reason-swift.struct","title":"OperatingDeviceDeactivatingFailure.Reason","type":"struct"},{"title":"Initializers","type":"groupMarker"},{"path":"\/documentation\/abloycubemobilesdk\/operatingdevicedeactivatingfailure\/init(reason:)","title":"init(reason: Reason)","type":"init"},{"title":"Instance Properties","type":"groupMarker"},{"path":"\/documentation\/abloycubemobilesdk\/operatingdevicedeactivatingfailure\/description","title":"var description: String","type":"property"},{"path":"\/documentation\/abloycubemobilesdk\/operatingdevicedeactivatingfailure\/reason-swift.property","title":"let reason: Reason","type":"property"},{"title":"Default Implementations","type":"groupMarker"},{"children":[{"title":"Operators","type":"groupMarker"},{"path":"\/documentation\/abloycubemobilesdk\/operatingdevicedeactivatingfailure\/!=(_:_:)","title":"static func != (Self, Self) -> Bool","type":"op"}],"path":"\/documentation\/abloycubemobilesdk\/operatingdevicedeactivatingfailure\/equatable-implementations","title":"Equatable Implementations","type":"symbol"},{"children":[{"title":"Instance Properties","type":"groupMarker"},{"path":"\/documentation\/abloycubemobilesdk\/operatingdevicedeactivatingfailure\/localizeddescription","title":"var localizedDescription: String","type":"property"}],"path":"\/documentation\/abloycubemobilesdk\/operatingdevicedeactivatingfailure\/error-implementations","title":"Error Implementations","type":"symbol"}],"path":"\/documentation\/abloycubemobilesdk\/operatingdevicedeactivatingfailure","title":"OperatingDeviceDeactivatingFailure","type":"struct"},{"children":[{"title":"Structures","type":"groupMarker"},{"children":[{"title":"Instance Properties","type":"groupMarker"},{"path":"\/documentation\/abloycubemobilesdk\/sdkinitializingfailure\/reason-swift.struct\/message","title":"let message: String","type":"property"},{"title":"Type Properties","type":"groupMarker"},{"path":"\/documentation\/abloycubemobilesdk\/sdkinitializingfailure\/reason-swift.struct\/alreadyinitialized","title":"static let alreadyInitialized: `Self`","type":"property"},{"path":"\/documentation\/abloycubemobilesdk\/sdkinitializingfailure\/reason-swift.struct\/internalfailure","title":"static let internalFailure: `Self`","type":"property"},{"path":"\/documentation\/abloycubemobilesdk\/sdkinitializingfailure\/reason-swift.struct\/protecteddatanotavailable","title":"static let protectedDataNotAvailable: `Self`","type":"property"},{"title":"Default Implementations","type":"groupMarker"},{"children":[{"title":"Operators","type":"groupMarker"},{"path":"\/documentation\/abloycubemobilesdk\/sdkinitializingfailure\/reason-swift.struct\/!=(_:_:)","title":"static func != (Self, Self) -> Bool","type":"op"}],"path":"\/documentation\/abloycubemobilesdk\/sdkinitializingfailure\/reason-swift.struct\/equatable-implementations","title":"Equatable Implementations","type":"symbol"}],"path":"\/documentation\/abloycubemobilesdk\/sdkinitializingfailure\/reason-swift.struct","title":"SDKInitializingFailure.Reason","type":"struct"},{"title":"Initializers","type":"groupMarker"},{"path":"\/documentation\/abloycubemobilesdk\/sdkinitializingfailure\/init(reason:)","title":"init(reason: Reason)","type":"init"},{"title":"Instance Properties","type":"groupMarker"},{"path":"\/documentation\/abloycubemobilesdk\/sdkinitializingfailure\/description","title":"var description: String","type":"property"},{"path":"\/documentation\/abloycubemobilesdk\/sdkinitializingfailure\/reason-swift.property","title":"let reason: Reason","type":"property"},{"title":"Default Implementations","type":"groupMarker"},{"children":[{"title":"Operators","type":"groupMarker"},{"path":"\/documentation\/abloycubemobilesdk\/sdkinitializingfailure\/!=(_:_:)","title":"static func != (Self, Self) -> Bool","type":"op"}],"path":"\/documentation\/abloycubemobilesdk\/sdkinitializingfailure\/equatable-implementations","title":"Equatable Implementations","type":"symbol"},{"children":[{"title":"Instance Properties","type":"groupMarker"},{"path":"\/documentation\/abloycubemobilesdk\/sdkinitializingfailure\/localizeddescription","title":"var localizedDescription: String","type":"property"}],"path":"\/documentation\/abloycubemobilesdk\/sdkinitializingfailure\/error-implementations","title":"Error Implementations","type":"symbol"}],"path":"\/documentation\/abloycubemobilesdk\/sdkinitializingfailure","title":"SDKInitializingFailure","type":"struct"},{"title":"Enumerations","type":"groupMarker"},{"children":[{"title":"Enumeration Cases","type":"groupMarker"},{"path":"\/documentation\/abloycubemobilesdk\/certificatestate\/issuing","title":"case issuing","type":"case"},{"path":"\/documentation\/abloycubemobilesdk\/certificatestate\/pending","title":"case pending","type":"case"},{"path":"\/documentation\/abloycubemobilesdk\/certificatestate\/readyforinstall","title":"case readyForInstall","type":"case"},{"path":"\/documentation\/abloycubemobilesdk\/certificatestate\/uptodate","title":"case upToDate","type":"case"},{"title":"Default Implementations","type":"groupMarker"},{"children":[{"title":"Operators","type":"groupMarker"},{"path":"\/documentation\/abloycubemobilesdk\/certificatestate\/!=(_:_:)","title":"static func != (Self, Self) -> Bool","type":"op"}],"path":"\/documentation\/abloycubemobilesdk\/certificatestate\/equatable-implementations","title":"Equatable Implementations","type":"symbol"}],"path":"\/documentation\/abloycubemobilesdk\/certificatestate","title":"CertificateState","type":"enum"},{"children":[{"title":"Enumeration Cases","type":"groupMarker"},{"path":"\/documentation\/abloycubemobilesdk\/lockstate\/jammed","title":"case jammed","type":"case"},{"path":"\/documentation\/abloycubemobilesdk\/lockstate\/locked","title":"case locked","type":"case"},{"path":"\/documentation\/abloycubemobilesdk\/lockstate\/locking","title":"case locking","type":"case"},{"path":"\/documentation\/abloycubemobilesdk\/lockstate\/unknown","title":"case unknown","type":"case"},{"path":"\/documentation\/abloycubemobilesdk\/lockstate\/unlocked","title":"case unlocked","type":"case"},{"path":"\/documentation\/abloycubemobilesdk\/lockstate\/unlocking","title":"case unlocking","type":"case"},{"title":"Initializers","type":"groupMarker"},{"path":"\/documentation\/abloycubemobilesdk\/lockstate\/init(rawvalue:)","title":"init(rawValue: Int)","type":"init"},{"title":"Default Implementations","type":"groupMarker"},{"children":[{"title":"Operators","type":"groupMarker"},{"path":"\/documentation\/abloycubemobilesdk\/lockstate\/!=(_:_:)","title":"static func != (Self, Self) -> Bool","type":"op"}],"path":"\/documentation\/abloycubemobilesdk\/lockstate\/equatable-implementations","title":"Equatable Implementations","type":"symbol"},{"children":[{"title":"Instance Properties","type":"groupMarker"},{"path":"\/documentation\/abloycubemobilesdk\/lockstate\/hashvalue","title":"var hashValue: Int","type":"property"},{"title":"Instance Methods","type":"groupMarker"},{"path":"\/documentation\/abloycubemobilesdk\/lockstate\/hash(into:)","title":"func hash(into: inout Hasher)","type":"method"}],"path":"\/documentation\/abloycubemobilesdk\/lockstate\/rawrepresentable-implementations","title":"RawRepresentable Implementations","type":"symbol"}],"path":"\/documentation\/abloycubemobilesdk\/lockstate","title":"LockState","type":"enum"},{"children":[{"title":"Enumeration Cases","type":"groupMarker"},{"path":"\/documentation\/abloycubemobilesdk\/lockingdevicecertificatestatechange\/certificateupdatenotsupported","title":"case certificateUpdateNotSupported","type":"case"},{"path":"\/documentation\/abloycubemobilesdk\/lockingdevicecertificatestatechange\/failed","title":"case failed","type":"case"},{"path":"\/documentation\/abloycubemobilesdk\/lockingdevicecertificatestatechange\/installing","title":"case installing","type":"case"},{"path":"\/documentation\/abloycubemobilesdk\/lockingdevicecertificatestatechange\/lockingdevicerebooted","title":"case lockingDeviceRebooted","type":"case"},{"path":"\/documentation\/abloycubemobilesdk\/lockingdevicecertificatestatechange\/lockingdevicerebooting","title":"case lockingDeviceRebooting","type":"case"},{"path":"\/documentation\/abloycubemobilesdk\/lockingdevicecertificatestatechange\/lockingdevicerebootingfailed","title":"case lockingDeviceRebootingFailed","type":"case"},{"path":"\/documentation\/abloycubemobilesdk\/lockingdevicecertificatestatechange\/requestqueued","title":"case requestQueued","type":"case"},{"path":"\/documentation\/abloycubemobilesdk\/lockingdevicecertificatestatechange\/requesting","title":"case requesting","type":"case"},{"title":"Default Implementations","type":"groupMarker"},{"children":[{"title":"Operators","type":"groupMarker"},{"path":"\/documentation\/abloycubemobilesdk\/lockingdevicecertificatestatechange\/!=(_:_:)","title":"static func != (Self, Self) -> Bool","type":"op"}],"path":"\/documentation\/abloycubemobilesdk\/lockingdevicecertificatestatechange\/equatable-implementations","title":"Equatable Implementations","type":"symbol"}],"path":"\/documentation\/abloycubemobilesdk\/lockingdevicecertificatestatechange","title":"LockingDeviceCertificateStateChange","type":"enum"},{"children":[{"title":"Enumeration Cases","type":"groupMarker"},{"path":"\/documentation\/abloycubemobilesdk\/lockingdeviceerrorstate\/analyzing","title":"case analyzing","type":"case"},{"path":"\/documentation\/abloycubemobilesdk\/lockingdeviceerrorstate\/irreversiblybroken","title":"case irreversiblyBroken","type":"case"},{"path":"\/documentation\/abloycubemobilesdk\/lockingdeviceerrorstate\/noerror","title":"case noError","type":"case"},{"path":"\/documentation\/abloycubemobilesdk\/lockingdeviceerrorstate\/runningblindly","title":"case runningBlindly","type":"case"},{"path":"\/documentation\/abloycubemobilesdk\/lockingdeviceerrorstate\/sensorproblemresolved","title":"case sensorProblemResolved","type":"case"},{"title":"Default Implementations","type":"groupMarker"},{"children":[{"title":"Operators","type":"groupMarker"},{"path":"\/documentation\/abloycubemobilesdk\/lockingdeviceerrorstate\/!=(_:_:)","title":"static func != (Self, Self) -> Bool","type":"op"}],"path":"\/documentation\/abloycubemobilesdk\/lockingdeviceerrorstate\/equatable-implementations","title":"Equatable Implementations","type":"symbol"}],"path":"\/documentation\/abloycubemobilesdk\/lockingdeviceerrorstate","title":"LockingDeviceErrorState","type":"enum"},{"children":[{"title":"Enumeration Cases","type":"groupMarker"},{"path":"\/documentation\/abloycubemobilesdk\/lockingdeviceoperationstate\/jammed","title":"case jammed","type":"case"},{"path":"\/documentation\/abloycubemobilesdk\/lockingdeviceoperationstate\/locked","title":"case locked","type":"case"},{"path":"\/documentation\/abloycubemobilesdk\/lockingdeviceoperationstate\/locking","title":"case locking","type":"case"},{"path":"\/documentation\/abloycubemobilesdk\/lockingdeviceoperationstate\/unknown","title":"case unknown","type":"case"},{"path":"\/documentation\/abloycubemobilesdk\/lockingdeviceoperationstate\/unlocked","title":"case unlocked","type":"case"},{"path":"\/documentation\/abloycubemobilesdk\/lockingdeviceoperationstate\/unlocking","title":"case unlocking","type":"case"},{"title":"Default Implementations","type":"groupMarker"},{"children":[{"title":"Operators","type":"groupMarker"},{"path":"\/documentation\/abloycubemobilesdk\/lockingdeviceoperationstate\/!=(_:_:)","title":"static func != (Self, Self) -> Bool","type":"op"}],"path":"\/documentation\/abloycubemobilesdk\/lockingdeviceoperationstate\/equatable-implementations","title":"Equatable Implementations","type":"symbol"}],"path":"\/documentation\/abloycubemobilesdk\/lockingdeviceoperationstate","title":"LockingDeviceOperationState","type":"enum"},{"children":[{"title":"Enumeration Cases","type":"groupMarker"},{"path":"\/documentation\/abloycubemobilesdk\/lockingdeviceoverridestate\/closed","title":"case closed","type":"case"},{"path":"\/documentation\/abloycubemobilesdk\/lockingdeviceoverridestate\/open","title":"case open","type":"case"},{"path":"\/documentation\/abloycubemobilesdk\/lockingdeviceoverridestate\/unknown","title":"case unknown","type":"case"},{"title":"Default Implementations","type":"groupMarker"},{"children":[{"title":"Operators","type":"groupMarker"},{"path":"\/documentation\/abloycubemobilesdk\/lockingdeviceoverridestate\/!=(_:_:)","title":"static func != (Self, Self) -> Bool","type":"op"}],"path":"\/documentation\/abloycubemobilesdk\/lockingdeviceoverridestate\/equatable-implementations","title":"Equatable Implementations","type":"symbol"}],"path":"\/documentation\/abloycubemobilesdk\/lockingdeviceoverridestate","title":"LockingDeviceOverrideState","type":"enum"},{"children":[{"title":"Enumeration Cases","type":"groupMarker"},{"path":"\/documentation\/abloycubemobilesdk\/lockingdevicestatechange\/errorstate(_:)","title":"case errorState(LockingDeviceErrorState)","type":"case"},{"path":"\/documentation\/abloycubemobilesdk\/lockingdevicestatechange\/operationstate(_:)","title":"case operationState(LockingDeviceOperationState)","type":"case"},{"path":"\/documentation\/abloycubemobilesdk\/lockingdevicestatechange\/overridestate(_:)","title":"case overrideState(LockingDeviceOverrideState)","type":"case"},{"title":"Default Implementations","type":"groupMarker"},{"children":[{"title":"Operators","type":"groupMarker"},{"path":"\/documentation\/abloycubemobilesdk\/lockingdevicestatechange\/!=(_:_:)","title":"static func != (Self, Self) -> Bool","type":"op"}],"path":"\/documentation\/abloycubemobilesdk\/lockingdevicestatechange\/equatable-implementations","title":"Equatable Implementations","type":"symbol"}],"path":"\/documentation\/abloycubemobilesdk\/lockingdevicestatechange","title":"LockingDeviceStateChange","type":"enum"},{"children":[{"title":"Enumeration Cases","type":"groupMarker"},{"path":"\/documentation\/abloycubemobilesdk\/lockingdevicetype\/controller","title":"case controller","type":"case"},{"path":"\/documentation\/abloycubemobilesdk\/lockingdevicetype\/keydeposit","title":"case keyDeposit","type":"case"},{"path":"\/documentation\/abloycubemobilesdk\/lockingdevicetype\/padlock","title":"case padlock","type":"case"},{"path":"\/documentation\/abloycubemobilesdk\/lockingdevicetype\/swinghandle","title":"case swingHandle","type":"case"},{"path":"\/documentation\/abloycubemobilesdk\/lockingdevicetype\/unknown","title":"case unknown","type":"case"},{"title":"Initializers","type":"groupMarker"},{"path":"\/documentation\/abloycubemobilesdk\/lockingdevicetype\/init(from:)","title":"init(from: any Decoder) throws","type":"init"},{"title":"Default Implementations","type":"groupMarker"},{"children":[{"title":"Instance Properties","type":"groupMarker"},{"path":"\/documentation\/abloycubemobilesdk\/lockingdevicetype\/dd","title":"var dd: DatadogExtension<any AttributeValue>","type":"property"}],"path":"\/documentation\/abloycubemobilesdk\/lockingdevicetype\/encodable-implementations","title":"Encodable Implementations","type":"symbol"},{"children":[{"title":"Operators","type":"groupMarker"},{"path":"\/documentation\/abloycubemobilesdk\/lockingdevicetype\/!=(_:_:)","title":"static func != (Self, Self) -> Bool","type":"op"}],"path":"\/documentation\/abloycubemobilesdk\/lockingdevicetype\/equatable-implementations","title":"Equatable Implementations","type":"symbol"}],"path":"\/documentation\/abloycubemobilesdk\/lockingdevicetype","title":"LockingDeviceType","type":"enum"},{"children":[{"title":"Enumeration Cases","type":"groupMarker"},{"path":"\/documentation\/abloycubemobilesdk\/permission\/open","title":"case open","type":"case"},{"path":"\/documentation\/abloycubemobilesdk\/permission\/unknown","title":"case unknown","type":"case"},{"path":"\/documentation\/abloycubemobilesdk\/permission\/updatefirmware","title":"case updateFirmware","type":"case"},{"path":"\/documentation\/abloycubemobilesdk\/permission\/updatetime","title":"case updateTime","type":"case"},{"title":"Initializers","type":"groupMarker"},{"path":"\/documentation\/abloycubemobilesdk\/permission\/init(rawvalue:)","title":"init?(rawValue: String)","type":"init"},{"title":"Default Implementations","type":"groupMarker"},{"children":[{"title":"Instance Properties","type":"groupMarker"},{"path":"\/documentation\/abloycubemobilesdk\/permission\/dd","title":"var dd: DatadogExtension<any AttributeValue>","type":"property"}],"path":"\/documentation\/abloycubemobilesdk\/permission\/encodable-implementations","title":"Encodable Implementations","type":"symbol"},{"children":[{"title":"Operators","type":"groupMarker"},{"path":"\/documentation\/abloycubemobilesdk\/permission\/!=(_:_:)","title":"static func != (Self, Self) -> Bool","type":"op"}],"path":"\/documentation\/abloycubemobilesdk\/permission\/equatable-implementations","title":"Equatable Implementations","type":"symbol"},{"children":[{"title":"Initializers","type":"groupMarker"},{"path":"\/documentation\/abloycubemobilesdk\/permission\/init(from:)","title":"init(from: any Decoder) throws","type":"init"},{"title":"Instance Properties","type":"groupMarker"},{"path":"\/documentation\/abloycubemobilesdk\/permission\/hashvalue","title":"var hashValue: Int","type":"property"},{"title":"Instance Methods","type":"groupMarker"},{"path":"\/documentation\/abloycubemobilesdk\/permission\/encode(to:)","title":"func encode(to: any Encoder) throws","type":"method"},{"path":"\/documentation\/abloycubemobilesdk\/permission\/hash(into:)","title":"func hash(into: inout Hasher)","type":"method"}],"path":"\/documentation\/abloycubemobilesdk\/permission\/rawrepresentable-implementations","title":"RawRepresentable Implementations","type":"symbol"}],"path":"\/documentation\/abloycubemobilesdk\/permission","title":"Permission","type":"enum"}],"path":"\/documentation\/abloycubemobilesdk","title":"AbloyCuBeMobileSDK","type":"module"}]},"schemaVersion":{"major":0,"minor":1,"patch":2}}